"# ndo-LPSCl1.6 n5fu (Nd@P control, frozen-4f) DOS/PDOS (states/eV), gap=2.1616 eV, Gaussian sigma=0.15 eV, EF=0, bonding=below 0"
E_minus_EF_eV,DOS_total,DOS_S,DOS_P,DOS_Cl,DOS_Li,DOS_O,DOS_Nd
-7.997,0.0000,0.0000,0.0000,0.0000,0.0000,0.0000,0.0000
-7.987,0.0000,0.0000,0.0000,0.0000,0.0000,0.0000,0.0000
-7.977,0.0000,0.0000,0.0000,0.0000,0.0000,0.0000,0.0000
-7.967,0.0000,0.0000,0.0000,0.0000,0.0000,0.0000,0.0000
-7.957,0.0000,0.0000,0.0000,0.0000,0.0000,0.0000,0.0000
-7.947,0.0000,0.0000,0.0000,0.0000,0.0000,0.0000,0.0000
-7.937,0.0000,0.0000,0.0000,0.0000,0.0000,0.0000,0.0000
-7.927,0.0000,0.0000,0.0000,0.0000,0.0000,0.0000,0.0000
-7.917,0.0000,0.0000,0.0000,0.0000,0.0000,0.0000,0.0000
-7.907,0.0000,0.0000,0.0000,0.0000,0.0000,0.0000,0.0000
-7.897,0.0000,0.0000,0.0000,0.0000,0.0000,0.0000,0.0000
-7.887,0.0000,0.0000,0.0000,0.0000,0.0000,0.0000,0.0000
-7.877,0.0000,0.0000,0.0000,0.0000,0.0000,0.0000,0.0000
-7.867,0.0000,0.0000,0.0000,0.0000,0.0000,0.0000,0.0000
-7.857,0.0000,0.0000,0.0000,0.0000,0.0000,0.0000,0.0000
-7.847,0.0000,0.0000,0.0000,0.0000,0.0000,0.0000,0.0000
-7.837,0.0000,0.0000,0.0000,0.0000,0.0000,0.0000,0.0000
-7.827,0.0000,0.0000,0.0000,0.0000,0.0000,0.0000,0.0000
-7.817,0.0000,0.0000,0.0000,0.0000,0.0000,0.0000,0.0000
-7.807,0.0000,0.0000,0.0000,0.0000,0.0000,0.0000,0.0000
-7.797,0.0000,0.0000,0.0000,0.0000,0.0000,0.0000,0.0000
-7.787,0.0000,0.0000,0.0000,0.0000,0.0000,0.0000,0.0000
-7.777,0.0000,0.0000,0.0000,0.0000,0.0000,0.0000,0.0000
-7.767,0.0000,0.0000,0.0000,0.0000,0.0000,0.0000,0.0000
-7.757,0.0000,0.0000,0.0000,0.0000,0.0000,0.0000,0.0000
-7.747,0.0000,0.0000,0.0000,0.0000,0.0000,0.0000,0.0000
-7.737,0.0000,0.0000,0.0000,0.0000,0.0000,0.0000,0.0000
-7.727,0.0000,0.0000,0.0000,0.0000,0.0000,0.0000,0.0000
-7.717,0.0000,0.0000,0.0000,0.0000,0.0000,0.0000,0.0000
-7.707,0.0000,0.0000,0.0000,0.0000,0.0000,0.0000,0.0000
-7.697,0.0000,0.0000,0.0000,0.0000,0.0000,0.0000,0.0000
-7.687,0.0000,0.0000,0.0000,0.0000,0.0000,0.0000,0.0000
-7.677,0.0000,0.0000,0.0000,0.0000,0.0000,0.0000,0.0000
-7.667,0.0000,0.0000,0.0000,0.0000,0.0000,0.0000,0.0000
-7.657,0.0000,0.0000,0.0000,0.0000,0.0000,0.0000,0.0000
-7.647,0.0000,0.0000,0.0000,0.0000,0.0000,0.0000,0.0000
-7.637,0.0000,0.0000,0.0000,0.0000,0.0000,0.0000,0.0000
-7.627,0.0000,0.0000,0.0000,0.0000,0.0000,0.0000,0.0000
-7.617,0.0000,0.0000,0.0000,0.0000,0.0000,0.0000,0.0000
-7.607,0.0000,0.0000,0.0000,0.0000,0.0000,0.0000,0.0000
-7.597,0.0000,0.0000,0.0000,0.0000,0.0000,0.0000,0.0000
-7.587,0.0000,0.0000,0.0000,0.0000,0.0000,0.0000,0.0000
-7.577,0.0000,0.0000,0.0000,0.0000,0.0000,0.0000,0.0000
-7.567,0.0000,0.0000,0.0000,0.0000,0.0000,0.0000,0.0000
-7.557,0.0000,0.0000,0.0000,0.0000,0.0000,0.0000,0.0000
-7.547,0.0000,0.0000,0.0000,0.0000,0.0000,0.0000,0.0000
-7.537,0.0000,0.0000,0.0000,0.0000,0.0000,0.0000,0.0000
-7.527,0.0000,0.0000,0.0000,0.0000,0.0000,0.0000,0.0000
-7.517,0.0000,0.0000,0.0000,0.0000,0.0000,0.0000,0.0000
-7.507,0.0000,0.0000,0.0000,0.0000,0.0000,0.0000,0.0000
-7.497,0.0000,0.0000,0.0000,0.0000,0.0000,0.0000,0.0000
-7.487,0.0000,0.0000,0.0000,0.0000,0.0000,0.0000,0.0000
-7.477,0.0000,0.0000,0.0000,0.0000,0.0000,0.0000,0.0000
-7.467,0.0000,0.0000,0.0000,0.0000,0.0000,0.0000,0.0000
-7.457,0.0000,0.0000,0.0000,0.0000,0.0000,0.0000,0.0000
-7.447,0.0000,0.0000,0.0000,0.0000,0.0000,0.0000,0.0000
-7.437,0.0000,0.0000,0.0000,0.0000,0.0000,0.0000,0.0000
-7.427,0.0000,0.0000,0.0000,0.0000,0.0000,0.0000,0.0000
-7.417,0.0000,0.0000,0.0000,0.0000,0.0000,0.0000,0.0000
-7.407,0.0000,0.0000,0.0000,0.0000,0.0000,0.0000,0.0000
-7.397,0.0000,0.0000,0.0000,0.0000,0.0000,0.0000,0.0000
-7.387,0.0000,0.0000,0.0000,0.0000,0.0000,0.0000,0.0000
-7.377,0.0000,0.0000,0.0000,0.0000,0.0000,0.0000,0.0000
-7.367,0.0000,0.0000,0.0000,0.0000,0.0000,0.0000,0.0000
-7.357,0.0000,0.0000,0.0000,0.0000,0.0000,0.0000,0.0000
-7.347,0.0000,0.0000,0.0000,0.0000,0.0000,0.0000,0.0000
-7.337,0.0000,0.0000,0.0000,0.0000,0.0000,0.0000,0.0000
-7.327,0.0000,0.0000,0.0000,0.0000,0.0000,0.0000,0.0000
-7.317,0.0000,0.0000,0.0000,0.0000,0.0000,0.0000,0.0000
-7.307,0.0000,0.0000,0.0000,0.0000,0.0000,0.0000,0.0000
-7.297,0.0000,0.0000,0.0000,0.0000,0.0000,0.0000,0.0000
-7.287,0.0000,0.0000,0.0000,0.0000,0.0000,0.0000,0.0000
-7.277,0.0000,0.0000,0.0000,0.0000,0.0000,0.0000,0.0000
-7.267,0.0000,0.0000,0.0000,0.0000,0.0000,0.0000,0.0000
-7.257,0.0000,0.0000,0.0000,0.0000,0.0000,0.0000,0.0000
-7.247,0.0003,0.0001,0.0001,0.0000,0.0000,0.0002,0.0000
-7.237,0.0007,0.0001,0.0001,0.0000,0.0001,0.0003,0.0000
-7.227,0.0011,0.0002,0.0002,0.0000,0.0001,0.0006,0.0000
-7.217,0.0016,0.0003,0.0003,0.0000,0.0001,0.0008,0.0000
-7.207,0.0024,0.0004,0.0005,0.0000,0.0002,0.0013,0.0000
-7.197,0.0036,0.0006,0.0007,0.0000,0.0003,0.0019,0.0000
-7.187,0.0047,0.0008,0.0009,0.0000,0.0004,0.0025,0.0000
-7.177,0.0061,0.0010,0.0012,0.0000,0.0005,0.0032,0.0000
-7.167,0.0078,0.0013,0.0015,0.0000,0.0007,0.0042,0.0000
-7.157,0.0100,0.0017,0.0020,0.0001,0.0009,0.0054,0.0000
-7.147,0.0128,0.0022,0.0025,0.0001,0.0011,0.0068,0.0000
-7.137,0.0162,0.0027,0.0032,0.0001,0.0014,0.0087,0.0000
-7.127,0.0204,0.0034,0.0040,0.0001,0.0018,0.0109,0.0000
-7.117,0.0256,0.0043,0.0050,0.0001,0.0022,0.0137,0.0000
-7.107,0.0320,0.0054,0.0063,0.0002,0.0028,0.0172,0.0000
-7.097,0.0398,0.0067,0.0078,0.0002,0.0034,0.0213,0.0000
-7.087,0.0493,0.0083,0.0097,0.0002,0.0043,0.0264,0.0000
-7.077,0.0607,0.0103,0.0119,0.0003,0.0052,0.0325,0.0000
-7.067,0.0744,0.0126,0.0146,0.0004,0.0064,0.0399,0.0000
-7.057,0.0907,0.0153,0.0178,0.0005,0.0078,0.0486,0.0000
-7.047,0.1101,0.0186,0.0216,0.0006,0.0095,0.0591,0.0000
-7.037,0.1331,0.0225,0.0261,0.0007,0.0114,0.0714,0.0000
-7.027,0.1602,0.0271,0.0314,0.0008,0.0137,0.0859,0.0000
-7.017,0.1920,0.0324,0.0377,0.0010,0.0165,0.1030,0.0000
-7.007,0.2291,0.0387,0.0449,0.0012,0.0196,0.1229,0.0000
-6.997,0.2722,0.0459,0.0534,0.0014,0.0233,0.1461,0.0000
-6.987,0.3220,0.0543,0.0632,0.0016,0.0275,0.1729,0.0000
-6.977,0.3794,0.0640,0.0745,0.0019,0.0324,0.2038,0.0000
-6.967,0.4452,0.0751,0.0874,0.0023,0.0380,0.2392,0.0000
-6.957,0.5202,0.0877,0.1021,0.0026,0.0443,0.2795,0.0000
-6.947,0.6054,0.1021,0.1188,0.0031,0.0515,0.3253,0.0000
-6.937,0.7016,0.1183,0.1377,0.0036,0.0597,0.3771,0.0000
-6.927,0.8097,0.1365,0.1589,0.0041,0.0688,0.4353,0.0000
-6.917,0.9311,0.1571,0.1828,0.0047,0.0790,0.5005,0.0000
-6.907,1.0660,0.1799,0.2093,0.0054,0.0903,0.5730,0.0000
-6.897,1.2154,0.2052,0.2387,0.0062,0.1029,0.6533,0.0000
-6.887,1.3801,0.2331,0.2711,0.0071,0.1167,0.7418,0.0000
-6.877,1.5607,0.2638,0.3067,0.0080,0.1318,0.8388,0.0000
-6.867,1.7577,0.2973,0.3454,0.0090,0.1483,0.9446,0.0001
-6.857,1.9715,0.3337,0.3876,0.0101,0.1661,1.0593,0.0001
-6.847,2.2024,0.3732,0.4331,0.0113,0.1853,1.1832,0.0001
-6.837,2.4505,0.4156,0.4820,0.0126,0.2059,1.3162,0.0001
-6.827,2.7156,0.4611,0.5344,0.0140,0.2279,1.4582,0.0001
-6.817,2.9976,0.5096,0.5901,0.0155,0.2512,1.6091,0.0001
-6.807,3.2958,0.5611,0.6491,0.0170,0.2758,1.7685,0.0001
-6.797,3.6095,0.6154,0.7112,0.0187,0.3016,1.9360,0.0001
-6.787,3.9377,0.6725,0.7763,0.0204,0.3286,2.1110,0.0001
-6.777,4.2791,0.7323,0.8440,0.0222,0.3565,2.2928,0.0001
-6.767,4.6323,0.7944,0.9142,0.0241,0.3853,2.4804,0.0001
-6.757,4.9955,0.8586,0.9866,0.0261,0.4149,2.6730,0.0001
-6.747,5.3668,0.9248,1.0606,0.0281,0.4450,2.8694,0.0002
-6.737,5.7442,0.9926,1.1361,0.0301,0.4755,3.0684,0.0002
-6.727,6.1253,1.0616,1.2124,0.0322,0.5061,3.2687,0.0002
-6.717,6.5078,1.1316,1.2892,0.0343,0.5368,3.4690,0.0002
-6.707,6.8892,1.2022,1.3660,0.0364,0.5671,3.6679,0.0002
-6.697,7.2668,1.2730,1.4423,0.0385,0.5971,3.8637,0.0002
-6.687,7.6381,1.3437,1.5176,0.0406,0.6263,4.0552,0.0002
-6.677,8.0007,1.4139,1.5915,0.0427,0.6547,4.2409,0.0002
-6.667,8.3518,1.4832,1.6633,0.0447,0.6820,4.4192,0.0003
-6.657,8.6892,1.5513,1.7328,0.0467,0.7080,4.5889,0.0003
-6.647,9.0107,1.6179,1.7994,0.0487,0.7325,4.7486,0.0003
-6.637,9.3142,1.6827,1.8627,0.0505,0.7553,4.8973,0.0003
-6.627,9.5979,1.7454,1.9224,0.0523,0.7764,5.0339,0.0003
-6.617,9.8601,1.8058,1.9783,0.0540,0.7956,5.1574,0.0003
-6.607,10.0997,1.8637,2.0299,0.0557,0.8127,5.2673,0.0003
-6.597,10.3156,1.9190,2.0772,0.0572,0.8278,5.3628,0.0003
-6.587,10.5073,1.9716,2.1200,0.0586,0.8408,5.4437,0.0003
-6.577,10.6745,2.0213,2.1582,0.0599,0.8516,5.5099,0.0004
-6.567,10.8170,2.0683,2.1918,0.0611,0.8603,5.5612,0.0004
-6.557,10.9353,2.1125,2.2209,0.0623,0.8669,5.5979,0.0004
-6.547,11.0299,2.1540,2.2456,0.0633,0.8716,5.6204,0.0004
-6.537,11.1018,2.1928,2.2659,0.0642,0.8742,5.6293,0.0004
-6.527,11.1520,2.2292,2.2822,0.0651,0.8751,5.6251,0.0004
-6.517,11.1818,2.2632,2.2946,0.0658,0.8743,5.6087,0.0004
-6.507,11.1929,2.2950,2.3034,0.0665,0.8720,5.5810,0.0005
-6.497,11.1868,2.3248,2.3089,0.0671,0.8682,5.5431,0.0005
-6.487,11.1653,2.3528,2.3114,0.0676,0.8633,5.4959,0.0005
-6.477,11.1300,2.3791,2.3112,0.0681,0.8573,5.4406,0.0005
-6.467,11.0828,2.4039,2.3087,0.0685,0.8504,5.3782,0.0006
-6.457,11.0256,2.4274,2.3040,0.0688,0.8428,5.3100,0.0006
-6.447,10.9599,2.4496,2.2976,0.0691,0.8346,5.2370,0.0006
-6.437,10.8874,2.4707,2.2898,0.0694,0.8260,5.1602,0.0007
-6.427,10.8095,2.4909,2.2807,0.0696,0.8172,5.0806,0.0007
-6.417,10.7278,2.5101,2.2706,0.0698,0.8083,4.9992,0.0008
-6.407,10.6433,2.5285,2.2598,0.0699,0.7993,4.9167,0.0008
-6.397,10.5572,2.5460,2.2484,0.0700,0.7905,4.8339,0.0009
-6.387,10.4704,2.5627,2.2365,0.0701,0.7818,4.7515,0.0010
-6.377,10.3835,2.5786,2.2243,0.0701,0.7734,4.6699,0.0010
-6.367,10.2973,2.5936,2.2119,0.0701,0.7653,4.5897,0.0011
-6.357,10.2121,2.6078,2.1994,0.0701,0.7576,4.5113,0.0012
-6.347,10.1284,2.6210,2.1868,0.0700,0.7503,4.4347,0.0013
-6.337,10.0462,2.6333,2.1741,0.0699,0.7435,4.3604,0.0014
-6.327,9.9658,2.6447,2.1614,0.0697,0.7370,4.2884,0.0015
-6.317,9.8871,2.6550,2.1487,0.0695,0.7310,4.2187,0.0016
-6.307,9.8102,2.6643,2.1360,0.0693,0.7254,4.1514,0.0018
-6.297,9.7351,2.6726,2.1232,0.0691,0.7202,4.0865,0.0019
-6.287,9.6616,2.6799,2.1105,0.0688,0.7153,4.0239,0.0020
-6.277,9.5897,2.6862,2.0978,0.0685,0.7109,3.9635,0.0022
-6.267,9.5194,2.6916,2.0851,0.0682,0.7067,3.9052,0.0023
-6.257,9.4507,2.6961,2.0725,0.0678,0.7029,3.8490,0.0025
-6.247,9.3835,2.6999,2.0599,0.0675,0.6993,3.7947,0.0026
-6.237,9.3179,2.7030,2.0476,0.0671,0.6960,3.7422,0.0028
-6.227,9.2539,2.7056,2.0353,0.0668,0.6929,3.6915,0.0029
-6.217,9.1913,2.7077,2.0233,0.0664,0.6900,3.6423,0.0031
-6.207,9.1305,2.7095,2.0115,0.0661,0.6872,3.5947,0.0032
-6.197,9.0716,2.7111,2.0000,0.0658,0.6846,3.5487,0.0034
-6.187,9.0147,2.7128,1.9890,0.0655,0.6821,3.5040,0.0036
-6.177,8.9601,2.7146,1.9785,0.0653,0.6797,3.4608,0.0037
-6.167,8.9081,2.7168,1.9685,0.0652,0.6774,3.4191,0.0039
-6.157,8.8588,2.7196,1.9592,0.0651,0.6752,3.3787,0.0040
-6.147,8.8125,2.7230,1.9507,0.0651,0.6731,3.3397,0.0042
-6.137,8.7696,2.7274,1.9431,0.0652,0.6710,3.3022,0.0043
-6.127,8.7304,2.7328,1.9363,0.0653,0.6691,3.2661,0.0045
-6.117,8.6952,2.7395,1.9307,0.0656,0.6673,3.2315,0.0046
-6.107,8.6643,2.7476,1.9261,0.0660,0.6656,3.1984,0.0048
-6.097,8.6382,2.7574,1.9229,0.0665,0.6640,3.1669,0.0049
-6.087,8.6171,2.7689,1.9210,0.0671,0.6626,3.1371,0.0050
-6.077,8.6016,2.7824,1.9205,0.0678,0.6613,3.1089,0.0051
-6.067,8.5919,2.7981,1.9216,0.0687,0.6603,3.0825,0.0053
-6.057,8.5884,2.8162,1.9244,0.0697,0.6596,3.0580,0.0054
-6.047,8.5917,2.8368,1.9289,0.0709,0.6591,3.0353,0.0055
-6.037,8.6017,2.8600,1.9353,0.0722,0.6590,3.0144,0.0056
-6.027,8.6193,2.8862,1.9437,0.0736,0.6592,2.9956,0.0057
-6.017,8.6448,2.9155,1.9541,0.0752,0.6599,2.9789,0.0058
-6.007,8.6784,2.9481,1.9668,0.0769,0.6610,2.9642,0.0059
-5.997,8.7206,2.9840,1.9817,0.0788,0.6627,2.9517,0.0060
-5.987,8.7713,3.0235,1.9989,0.0808,0.6649,2.9412,0.0060
-5.977,8.8315,3.0668,2.0186,0.0830,0.6678,2.9330,0.0061
-5.967,8.9007,3.1138,2.0407,0.0853,0.6713,2.9269,0.0062
-5.957,8.9792,3.1647,2.0654,0.0878,0.6754,2.9227,0.0063
-5.947,9.0670,3.2196,2.0925,0.0904,0.6803,2.9205,0.0064
-5.937,9.1639,3.2784,2.1221,0.0931,0.6859,2.9201,0.0064
-5.927,9.2698,3.3411,2.1542,0.0959,0.6923,2.9214,0.0065
-5.917,9.3845,3.4078,2.1888,0.0989,0.6994,2.9241,0.0066
-5.907,9.5074,3.4782,2.2256,0.1020,0.7073,2.9281,0.0066
-5.897,9.6380,3.5523,2.2647,0.1051,0.7158,2.9331,0.0067
-5.887,9.7758,3.6299,2.3058,0.1084,0.7251,2.9389,0.0068
-5.877,9.9199,3.7106,2.3488,0.1117,0.7351,2.9452,0.0069
-5.867,10.0694,3.7942,2.3934,0.1151,0.7457,2.9516,0.0069
-5.857,10.2231,3.8802,2.4394,0.1185,0.7568,2.9578,0.0070
-5.847,10.3800,3.9684,2.4864,0.1220,0.7685,2.9635,0.0071
-5.837,10.5386,4.0581,2.5342,0.1255,0.7806,2.9681,0.0071
-5.827,10.6975,4.1488,2.5824,0.1291,0.7929,2.9714,0.0072
-5.817,10.8553,4.2399,2.6306,0.1326,0.8055,2.9728,0.0073
-5.807,11.0102,4.3307,2.6783,0.1361,0.8182,2.9721,0.0073
-5.797,11.1605,4.4206,2.7251,0.1395,0.8308,2.9687,0.0074
-5.787,11.3046,4.5088,2.7705,0.1429,0.8433,2.9624,0.0075
-5.777,11.4405,4.5946,2.8142,0.1462,0.8555,2.9527,0.0075
-5.767,11.5666,4.6771,2.8554,0.1494,0.8672,2.9392,0.0076
-5.757,11.6809,4.7555,2.8939,0.1525,0.8784,2.9218,0.0077
-5.747,11.7818,4.8291,2.9290,0.1554,0.8888,2.9000,0.0077
-5.737,11.8677,4.8971,2.9603,0.1582,0.8983,2.8736,0.0078
-5.727,11.9366,4.9586,2.9874,0.1608,0.9068,2.8425,0.0079
-5.717,11.9872,5.0127,3.0098,0.1632,0.9141,2.8064,0.0079
-5.707,12.0178,5.0589,3.0270,0.1653,0.9201,2.7652,0.0080
-5.697,12.0279,5.0966,3.0388,0.1672,0.9247,2.7191,0.0081
-5.687,12.0162,5.1252,3.0449,0.1689,0.9278,2.6679,0.0081
-5.677,11.9821,5.1443,3.0451,0.1703,0.9293,2.6118,0.0082
-5.667,11.9249,5.1534,3.0391,0.1714,0.9290,2.5509,0.0082
-5.657,11.8445,5.1523,3.0269,0.1722,0.9271,2.4853,0.0083
-5.647,11.7409,5.1408,3.0083,0.1727,0.9233,2.4154,0.0083
-5.637,11.6142,5.1189,2.9835,0.1730,0.9177,2.3414,0.0084
-5.627,11.4652,5.0868,2.9526,0.1729,0.9103,2.2636,0.0084
-5.617,11.2945,5.0446,2.9157,0.1726,0.9012,2.1825,0.0085
-5.607,11.1036,4.9928,2.8731,0.1719,0.8903,2.0984,0.0085
-5.597,10.8937,4.9319,2.8253,0.1711,0.8778,2.0118,0.0085
-5.587,10.6667,4.8626,2.7725,0.1700,0.8637,1.9233,0.0086
-5.577,10.4246,4.7858,2.7155,0.1686,0.8482,1.8333,0.0086
-5.567,10.1696,4.7023,2.6547,0.1671,0.8314,1.7423,0.0086
-5.557,9.9041,4.6133,2.5907,0.1654,0.8135,1.6508,0.0087
-5.547,9.6307,4.5198,2.5243,0.1637,0.7946,1.5594,0.0087
-5.537,9.3523,4.4233,2.4563,0.1618,0.7751,1.4687,0.0087
-5.527,9.0717,4.3249,2.3873,0.1599,0.7549,1.3790,0.0087
-5.517,8.7917,4.2262,2.3182,0.1580,0.7345,1.2908,0.0088
-5.507,8.5155,4.1285,2.2497,0.1562,0.7140,1.2046,0.0088
-5.497,8.2459,4.0333,2.1827,0.1545,0.6936,1.1208,0.0089
-5.487,7.9859,3.9420,2.1181,0.1529,0.6736,1.0397,0.0089
-5.477,7.7383,3.8562,2.0564,0.1516,0.6542,0.9616,0.0090
-5.467,7.5059,3.7771,1.9986,0.1505,0.6356,0.8869,0.0091
-5.457,7.2911,3.7062,1.9453,0.1498,0.6180,0.8158,0.0092
-5.447,7.0964,3.6446,1.8972,0.1494,0.6017,0.7484,0.0094
-5.437,6.9238,3.5936,1.8549,0.1494,0.5867,0.6850,0.0095
-5.427,6.7751,3.5540,1.8188,0.1498,0.5733,0.6255,0.0097
-5.417,6.6520,3.5268,1.7895,0.1508,0.5616,0.5700,0.0099
-5.407,6.5558,3.5127,1.7673,0.1522,0.5518,0.5187,0.0102
-5.397,6.4871,3.5122,1.7523,0.1541,0.5438,0.4714,0.0104
-5.387,6.4465,3.5256,1.7449,0.1566,0.5378,0.4280,0.0107
-5.377,6.4342,3.5531,1.7451,0.1596,0.5339,0.3886,0.0111
-5.367,6.4498,3.5945,1.7527,0.1632,0.5319,0.3529,0.0114
-5.357,6.4928,3.6497,1.7676,0.1673,0.5319,0.3207,0.0118
-5.347,6.5621,3.7180,1.7897,0.1718,0.5338,0.2921,0.0123
-5.337,6.6564,3.7988,1.8184,0.1769,0.5375,0.2666,0.0127
-5.327,6.7738,3.8911,1.8533,0.1824,0.5430,0.2442,0.0132
-5.317,6.9122,3.9938,1.8940,0.1882,0.5500,0.2247,0.0137
-5.307,7.0692,4.1056,1.9396,0.1944,0.5584,0.2078,0.0142
-5.297,7.2421,4.2250,1.9895,0.2009,0.5680,0.1933,0.0148
-5.287,7.4279,4.3504,2.0429,0.2075,0.5786,0.1810,0.0153
-5.277,7.6234,4.4799,2.0989,0.2142,0.5900,0.1707,0.0158
-5.267,7.8253,4.6118,2.1565,0.2210,0.6019,0.1621,0.0164
-5.257,8.0300,4.7441,2.2149,0.2277,0.6140,0.1552,0.0169
-5.247,8.2340,4.8746,2.2730,0.2342,0.6262,0.1496,0.0174
-5.237,8.4336,5.0015,2.3298,0.2405,0.6381,0.1451,0.0179
-5.227,8.6253,5.1226,2.3844,0.2464,0.6495,0.1417,0.0183
-5.217,8.8057,5.2361,2.4358,0.2519,0.6601,0.1391,0.0187
-5.207,8.9714,5.3399,2.4831,0.2569,0.6697,0.1372,0.0191
-5.197,9.1193,5.4324,2.5255,0.2613,0.6781,0.1359,0.0194
-5.187,9.2466,5.5119,2.5620,0.2651,0.6851,0.1350,0.0196
-5.177,9.3504,5.5767,2.5920,0.2682,0.6904,0.1344,0.0198
-5.167,9.4287,5.6258,2.6148,0.2705,0.6939,0.1340,0.0199
-5.157,9.4795,5.6579,2.6300,0.2720,0.6956,0.1338,0.0200
-5.147,9.5012,5.6722,2.6370,0.2727,0.6952,0.1336,0.0199
-5.137,9.4926,5.6680,2.6355,0.2725,0.6927,0.1333,0.0199
-5.127,9.4533,5.6450,2.6254,0.2714,0.6881,0.1330,0.0197
-5.117,9.3828,5.6031,2.6065,0.2695,0.6813,0.1326,0.0195
-5.107,9.2816,5.5423,2.5789,0.2668,0.6725,0.1321,0.0192
-5.097,9.1500,5.4630,2.5428,0.2634,0.6616,0.1315,0.0188
-5.087,8.9893,5.3659,2.4983,0.2593,0.6487,0.1308,0.0183
-5.077,8.8008,5.2518,2.4458,0.2545,0.6340,0.1301,0.0178
-5.067,8.5865,5.1217,2.3858,0.2493,0.6176,0.1294,0.0173
-5.057,8.3484,4.9769,2.3189,0.2437,0.5997,0.1288,0.0167
-5.047,8.0890,4.8187,2.2456,0.2379,0.5806,0.1284,0.0160
-5.037,7.8110,4.6486,2.1667,0.2319,0.5603,0.1282,0.0154
-5.027,7.5172,4.4683,2.0828,0.2261,0.5392,0.1284,0.0147
-5.017,7.2109,4.2795,1.9948,0.2204,0.5175,0.1292,0.0139
-5.007,6.8954,4.0841,1.9034,0.2152,0.4954,0.1307,0.0132
-4.997,6.5739,3.8837,1.8095,0.2106,0.4733,0.1331,0.0124
-4.987,6.2499,3.6802,1.7138,0.2071,0.4515,0.1368,0.0117
-4.977,5.9265,3.4754,1.6172,0.2046,0.4302,0.1417,0.0109
-4.967,5.6065,3.2707,1.5203,0.2034,0.4096,0.1480,0.0101
-4.957,5.2936,3.0680,1.4239,0.2038,0.3901,0.1561,0.0094
-4.947,4.9908,2.8688,1.3288,0.2062,0.3719,0.1663,0.0087
-4.937,4.7012,2.6745,1.2354,0.2110,0.3554,0.1788,0.0080
-4.927,4.4279,2.4865,1.1444,0.2184,0.3407,0.1940,0.0073
-4.917,4.1731,2.3058,1.0563,0.2288,0.3283,0.2123,0.0067
-4.907,3.9391,2.1336,0.9715,0.2425,0.3182,0.2337,0.0061
-4.897,3.7284,1.9708,0.8904,0.2597,0.3107,0.2588,0.0055
-4.887,3.5429,1.8180,0.8133,0.2811,0.3061,0.2879,0.0050
-4.877,3.3847,1.6761,0.7404,0.3069,0.3046,0.3213,0.0045
-4.867,3.2555,1.5454,0.6720,0.3377,0.3064,0.3594,0.0041
-4.857,3.1566,1.4264,0.6081,0.3738,0.3117,0.4024,0.0037
-4.847,3.0894,1.3192,0.5488,0.4158,0.3208,0.4508,0.0033
-4.837,3.0553,1.2241,0.4941,0.4642,0.3337,0.5048,0.0030
-4.827,3.0547,1.1410,0.4439,0.5193,0.3508,0.5646,0.0027
-4.817,3.0885,1.0699,0.3982,0.5816,0.3720,0.6305,0.0024
-4.807,3.1571,1.0107,0.3569,0.6516,0.3975,0.7028,0.0022
-4.797,3.2611,0.9630,0.3198,0.7299,0.4276,0.7815,0.0021
-4.787,3.4010,0.9267,0.2867,0.8170,0.4622,0.8668,0.0019
-4.777,3.5763,0.9014,0.2574,0.9132,0.5015,0.9587,0.0018
-4.767,3.7873,0.8866,0.2317,1.0191,0.5455,1.0572,0.0018
-4.757,4.0336,0.8820,0.2094,1.1350,0.5942,1.1623,0.0018
-4.747,4.3141,0.8869,0.1903,1.2611,0.6477,1.2737,0.0018
-4.737,4.6288,0.9011,0.1741,1.3979,0.7059,1.3912,0.0018
-4.727,4.9773,0.9239,0.1606,1.5461,0.7689,1.5147,0.0020
-4.717,5.3588,0.9550,0.1496,1.7060,0.8367,1.6437,0.0021
-4.707,5.7711,0.9935,0.1408,1.8772,0.9090,1.7777,0.0023
-4.697,6.2146,1.0391,0.1340,2.0609,0.9859,1.9163,0.0026
-4.687,6.6875,1.0912,0.1291,2.2570,1.0672,2.0589,0.0030
-4.677,7.1877,1.1492,0.1258,2.4651,1.1527,2.2049,0.0034
-4.667,7.7149,1.2126,0.1240,2.6861,1.2424,2.3535,0.0039
-4.657,8.2661,1.2809,0.1234,2.9193,1.3358,2.5040,0.0045
-4.647,8.8407,1.3535,0.1239,3.1653,1.4330,2.6556,0.0052
-4.637,9.4371,1.4299,0.1255,3.4243,1.5337,2.8076,0.0061
-4.627,10.0528,1.5096,0.1278,3.6956,1.6376,2.9590,0.0071
-4.617,10.6865,1.5921,0.1308,3.9796,1.7444,3.1091,0.0083
-4.607,11.3364,1.6769,0.1345,4.2762,1.8540,3.2569,0.0096
-4.597,12.0008,1.7636,0.1386,4.5854,1.9661,3.4017,0.0112
-4.587,12.6783,1.8518,0.1431,4.9072,2.0804,3.5426,0.0131
-4.577,13.3666,1.9411,0.1478,5.2412,2.1967,3.6788,0.0152
-4.567,14.0644,2.0309,0.1528,5.5873,2.3147,3.8095,0.0177
-4.557,14.7702,2.1211,0.1580,5.9456,2.4341,3.9341,0.0206
-4.547,15.4830,2.2113,0.1632,6.3160,2.5549,4.0517,0.0238
-4.537,16.2016,2.3013,0.1684,6.6986,2.6767,4.1620,0.0275
-4.527,16.9242,2.3905,0.1736,7.0931,2.7994,4.2641,0.0317
-4.517,17.6509,2.4791,0.1788,7.4996,2.9228,4.3577,0.0365
-4.507,18.3812,2.5669,0.1839,7.9187,3.0469,4.4424,0.0419
-4.497,19.1143,2.6535,0.1889,8.3502,3.1715,4.5179,0.0480
-4.487,19.8496,2.7388,0.1937,8.7941,3.2965,4.5837,0.0549
-4.477,20.5875,2.8229,0.1983,9.2509,3.4218,4.6399,0.0625
-4.467,21.3282,2.9056,0.2026,9.7210,3.5476,4.6861,0.0710
-4.457,22.0721,2.9870,0.2068,10.2047,3.6738,4.7225,0.0804
-4.447,22.8199,3.0671,0.2107,10.7024,3.8005,4.7491,0.0908
-4.437,23.5723,3.1460,0.2144,11.2148,3.9277,4.7659,0.1023
-4.427,24.3303,3.2237,0.2179,11.7422,4.0555,4.7732,0.1148
-4.417,25.0946,3.3004,0.2211,12.2851,4.1841,4.7712,0.1285
-4.407,25.8668,3.3762,0.2240,12.8440,4.3136,4.7601,0.1435
-4.397,26.6482,3.4512,0.2268,13.4196,4.4442,4.7405,0.1596
-4.387,27.4400,3.5257,0.2293,14.0124,4.5760,4.7127,0.1770
-4.377,28.2439,3.5999,0.2316,14.6230,4.7092,4.6773,0.1957
-4.367,29.0603,3.6738,0.2337,15.2512,4.8439,4.6346,0.2157
-4.357,29.8909,3.7477,0.2356,15.8975,4.9802,4.5854,0.2370
-4.347,30.7363,3.8218,0.2374,16.5619,5.1183,4.5302,0.2595
-4.337,31.5974,3.8961,0.2390,17.2442,5.2582,4.4697,0.2834
-4.327,32.4747,3.9709,0.2405,17.9441,5.3999,4.4046,0.3084
-4.317,33.3686,4.0464,0.2419,18.6611,5.5434,4.3354,0.3346
-4.307,34.2790,4.1225,0.2432,19.3945,5.6887,4.2631,0.3618
-4.297,35.2058,4.1994,0.2445,20.1434,5.8358,4.1882,0.3901
-4.287,36.1481,4.2770,0.2458,20.9064,5.9843,4.1115,0.4193
-4.277,37.1046,4.3555,0.2470,21.6821,6.1340,4.0337,0.4492
-4.267,38.0740,4.4347,0.2483,22.4685,6.2848,3.9555,0.4798
-4.257,39.0541,4.5145,0.2496,23.2636,6.4361,3.8777,0.5109
-4.247,40.0426,4.5948,0.2509,24.0650,6.5875,3.8008,0.5423
-4.237,41.0370,4.6755,0.2523,24.8703,6.7387,3.7255,0.5739
-4.227,42.0339,4.7562,0.2537,25.6764,6.8890,3.6525,0.6055
-4.217,43.0298,4.8368,0.2553,26.4804,7.0377,3.5824,0.6369
-4.207,44.0210,4.9170,0.2569,27.2789,7.1844,3.5156,0.6679
-4.197,45.0035,4.9965,0.2586,28.0688,7.3282,3.4527,0.6984
-4.187,45.9727,5.0749,0.2604,28.8462,7.4684,3.3941,0.7281
-4.177,46.9242,5.1518,0.2622,29.6076,7.6043,3.3404,0.7568
-4.167,47.8535,5.2269,0.2641,30.3495,7.7351,3.2918,0.7843
-4.157,48.7560,5.2998,0.2661,31.0682,7.8600,3.2487,0.8105
-4.147,49.6273,5.3701,0.2681,31.7602,7.9785,3.2115,0.8352
-4.137,50.4635,5.4377,0.2702,32.4226,8.0897,3.1803,0.8583
-4.127,51.2588,5.5018,0.2723,33.0511,8.1928,3.1553,0.8794
-4.117,52.0108,5.5624,0.2744,33.6436,8.2874,3.1367,0.8986
-4.107,52.7149,5.6191,0.2764,34.1969,8.3728,3.1246,0.9157
-4.097,53.3672,5.6716,0.2785,34.7080,8.4485,3.1190,0.9306
-4.087,53.9653,5.7197,0.2805,35.1750,8.5139,3.1199,0.9432
-4.077,54.5062,5.7633,0.2824,35.5959,8.5688,3.1273,0.9535
-4.067,54.9880,5.8021,0.2842,35.9691,8.6128,3.1411,0.9614
-4.057,55.4087,5.8360,0.2859,36.2935,8.6458,3.1611,0.9669
-4.047,55.7670,5.8649,0.2876,36.5680,8.6675,3.1872,0.9700
-4.037,56.0625,5.8890,0.2891,36.7924,8.6781,3.2191,0.9707
-4.027,56.2950,5.9081,0.2904,36.9668,8.6775,3.2566,0.9691
-4.017,56.4647,5.9225,0.2916,37.0913,8.6658,3.2993,0.9653
-4.007,56.5724,5.9321,0.2927,37.1668,8.6434,3.3470,0.9593
-3.997,56.6192,5.9371,0.2936,37.1942,8.6105,3.3991,0.9512
-3.987,56.6068,5.9378,0.2943,37.1751,8.5674,3.4552,0.9411
-3.977,56.5369,5.9342,0.2948,37.1110,8.5147,3.5149,0.9293
-3.967,56.4126,5.9266,0.2952,37.0042,8.4528,3.5777,0.9157
-3.957,56.2361,5.9153,0.2954,36.8569,8.3824,3.6431,0.9007
-3.947,56.0107,5.9006,0.2954,36.6716,8.3039,3.7105,0.8842
-3.937,55.7394,5.8827,0.2953,36.4510,8.2181,3.7794,0.8666
-3.927,55.4256,5.8619,0.2950,36.1979,8.1255,3.8493,0.8479
-3.917,55.0728,5.8386,0.2946,35.9152,8.0269,3.9195,0.8284
-3.907,54.6846,5.8128,0.2940,35.6059,7.9230,3.9895,0.8081
-3.897,54.2646,5.7851,0.2933,35.2732,7.8143,4.0588,0.7874
-3.887,53.8167,5.7556,0.2925,34.9201,7.7017,4.1269,0.7662
-3.877,53.3446,5.7246,0.2916,34.5498,7.5857,4.1933,0.7448
-3.867,52.8519,5.6925,0.2906,34.1652,7.4670,4.2575,0.7233
-3.857,52.3421,5.6594,0.2895,33.7694,7.3462,4.3191,0.7019
-3.847,51.8187,5.6256,0.2884,33.3651,7.2239,4.3778,0.6806
-3.837,51.2858,5.5916,0.2872,32.9554,7.1008,4.4333,0.6596
-3.827,50.7456,5.5573,0.2860,32.5425,6.9772,4.4854,0.6390
-3.817,50.2020,5.5232,0.2848,32.1291,6.8537,4.5338,0.6189
-3.807,49.6578,5.4893,0.2836,31.7176,6.7307,4.5785,0.5993
-3.797,49.1158,5.4560,0.2823,31.3100,6.6087,4.6194,0.5804
-3.787,48.5786,5.4234,0.2812,30.9083,6.4880,4.6566,0.5622
-3.777,48.0491,5.3919,0.2800,30.5144,6.3690,4.6900,0.5447
-3.767,47.5296,5.3616,0.2789,30.1299,6.2521,4.7201,0.5280
-3.757,47.0226,5.3328,0.2780,29.7563,6.1375,4.7470,0.5121
-3.747,46.5294,5.3055,0.2771,29.3947,6.0254,4.7708,0.4970
-3.737,46.0518,5.2800,0.2763,29.0460,5.9159,4.7920,0.4827
-3.727,45.5912,5.2565,0.2756,28.7110,5.8093,4.8107,0.4693
-3.717,45.1488,5.2349,0.2750,28.3903,5.7057,4.8274,0.4567
-3.707,44.7257,5.2156,0.2746,28.0843,5.6052,4.8424,0.4448
-3.697,44.3227,5.1985,0.2743,27.7932,5.5079,4.8562,0.4338
-3.687,43.9401,5.1838,0.2742,27.5169,5.4138,4.8691,0.4234
-3.677,43.5776,5.1714,0.2742,27.2549,5.3228,4.8814,0.4137
-3.667,43.2349,5.1613,0.2744,27.0068,5.2349,4.8934,0.4047
-3.657,42.9114,5.1535,0.2747,26.7719,5.1501,4.9054,0.3962
-3.647,42.6061,5.1480,0.2751,26.5491,5.0681,4.9175,0.3883
-3.637,42.3178,5.1445,0.2757,26.3374,4.9890,4.9300,0.3808
-3.627,42.0446,5.1430,0.2764,26.1353,4.9124,4.9429,0.3738
-3.617,41.7853,5.1433,0.2772,25.9418,4.8382,4.9563,0.3671
-3.607,41.5374,5.1453,0.2781,25.7550,4.7663,4.9702,0.3606
-3.597,41.2987,5.1486,0.2791,25.5734,4.6963,4.9845,0.3544
-3.587,41.0668,5.1532,0.2802,25.3952,4.6280,4.9990,0.3483
-3.577,40.8386,5.1587,0.2813,25.2184,4.5612,5.0134,0.3423
-3.567,40.6119,5.1648,0.2824,25.0414,4.4956,5.0274,0.3364
-3.557,40.3837,5.1714,0.2835,24.8623,4.4309,5.0409,0.3304
-3.547,40.1515,5.1783,0.2846,24.6793,4.3670,5.0533,0.3244
-3.537,39.9130,5.1853,0.2856,24.4910,4.3035,5.0643,0.3184
-3.527,39.6652,5.1922,0.2866,24.2955,4.2403,5.0735,0.3122
-3.517,39.4054,5.1987,0.2875,24.0910,4.1770,5.0804,0.3059
-3.507,39.1316,5.2048,0.2883,23.8763,4.1135,5.0845,0.2995
-3.497,38.8429,5.2105,0.2890,23.6508,4.0498,5.0854,0.2930
-3.487,38.5364,5.2157,0.2895,23.4126,3.9856,5.0828,0.2863
-3.477,38.2117,5.2206,0.2898,23.1614,3.9209,5.0762,0.2795
-3.467,37.8684,5.2253,0.2900,22.8968,3.8558,5.0653,0.2727
-3.457,37.5047,5.2298,0.2899,22.6177,3.7901,5.0498,0.2659
-3.447,37.1215,5.2343,0.2897,22.3246,3.7240,5.0295,0.2591
-3.437,36.7180,5.2390,0.2893,22.0170,3.6574,5.0041,0.2523
-3.427,36.2946,5.2443,0.2887,21.6946,3.5904,4.9735,0.2457
-3.417,35.8532,5.2506,0.2878,21.3586,3.5234,4.9377,0.2393
-3.407,35.3939,5.2582,0.2868,21.0087,3.4565,4.8966,0.2332
-3.397,34.9183,5.2676,0.2855,20.6457,3.3897,4.8504,0.2275
-3.387,34.4279,5.2791,0.2841,20.2701,3.3235,4.7992,0.2222
-3.377,33.9243,5.2934,0.2824,19.8825,3.2580,4.7431,0.2174
-3.367,33.4100,5.3108,0.2806,19.4842,3.1935,4.6823,0.2133
-3.357,32.8867,5.3320,0.2786,19.0759,3.1305,4.6172,0.2099
-3.347,32.3569,5.3576,0.2764,18.6583,3.0691,4.5481,0.2072
-3.337,31.8224,5.3880,0.2740,18.2322,3.0096,4.4753,0.2055
-3.327,31.2858,5.4240,0.2716,17.7986,2.9525,4.3992,0.2048
-3.317,30.7498,5.4661,0.2689,17.3587,2.8981,4.3202,0.2052
-3.307,30.2160,5.5148,0.2662,16.9131,2.8466,4.2387,0.2067
-3.297,29.6868,5.5706,0.2634,16.4625,2.7984,4.1551,0.2095
-3.287,29.1649,5.6344,0.2605,16.0081,2.7537,4.0699,0.2136
-3.277,28.6534,5.7071,0.2575,15.5509,2.7132,3.9834,0.2192
-3.267,28.1536,5.7888,0.2544,15.0916,2.6768,3.8961,0.2262
-3.257,27.6678,5.8801,0.2513,14.6310,2.6450,3.8083,0.2349
-3.247,27.1981,5.9816,0.2481,14.1700,2.6179,3.7204,0.2452
-3.237,26.7470,6.0940,0.2450,13.7096,2.5959,3.6327,0.2572
-3.227,26.3166,6.2180,0.2418,13.2506,2.5793,3.5454,0.2709
-3.217,25.9088,6.3540,0.2386,12.7940,2.5683,3.4590,0.2865
-3.207,25.5254,6.5021,0.2355,12.3408,2.5629,3.3736,0.3039
-3.197,25.1689,6.6636,0.2324,11.8920,2.5636,3.2895,0.3233
-3.187,24.8401,6.8381,0.2293,11.4483,2.5702,3.2068,0.3445
-3.177,24.5406,7.0260,0.2263,11.0107,2.5830,3.1258,0.3676
-3.167,24.2722,7.2278,0.2234,10.5803,2.6020,3.0464,0.3927
-3.157,24.0367,7.4436,0.2205,10.1584,2.6273,2.9688,0.4196
-3.147,23.8346,7.6734,0.2177,9.7457,2.6588,2.8932,0.4484
-3.137,23.6667,7.9169,0.2151,9.3433,2.6966,2.8195,0.4790
-3.127,23.5341,8.1744,0.2125,8.9522,2.7405,2.7478,0.5114
-3.117,23.4371,8.4454,0.2100,8.5732,2.7903,2.6780,0.5454
-3.107,23.3758,8.7296,0.2077,8.2071,2.8459,2.6102,0.5811
-3.097,23.3500,9.0266,0.2055,7.8546,2.9070,2.5444,0.6182
-3.087,23.3593,9.3356,0.2034,7.5164,2.9733,2.4803,0.6568
-3.077,23.4034,9.6561,0.2015,7.1932,3.0446,2.4181,0.6965
-3.067,23.4813,9.9873,0.1997,6.8854,3.1204,2.3576,0.7374
-3.057,23.5923,10.3285,0.1980,6.5936,3.2004,2.2989,0.7793
-3.047,23.7345,10.6785,0.1965,6.3179,3.2841,2.2417,0.8220
-3.037,23.9067,11.0364,0.1950,6.0585,3.3711,2.1860,0.8653
-3.027,24.1074,11.4014,0.1937,5.8155,3.4609,2.1317,0.9091
-3.017,24.3349,11.7725,0.1925,5.5889,3.5531,2.0788,0.9533
-3.007,24.5875,12.1487,0.1914,5.3787,3.6473,2.0272,0.9976
-2.997,24.8631,12.5290,0.1905,5.1845,3.7428,1.9768,1.0419
-2.987,25.1601,12.9126,0.1896,5.0061,3.8394,1.9276,1.0861
-2.977,25.4764,13.2986,0.1888,4.8433,3.9365,1.8795,1.1299
-2.967,25.8106,13.6863,0.1881,4.6955,4.0338,1.8324,1.1733
-2.957,26.1607,14.0750,0.1874,4.5623,4.1308,1.7865,1.2161
-2.947,26.5253,14.4642,0.1869,4.4431,4.2273,1.7415,1.2581
-2.937,26.9031,14.8536,0.1864,4.3373,4.3230,1.6976,1.2994
-2.927,27.2920,15.2425,0.1859,4.2441,4.4174,1.6547,1.3396
-2.917,27.6922,15.6308,0.1855,4.1637,4.5105,1.6129,1.3789
-2.907,28.1011,16.0182,0.1852,4.0947,4.6020,1.5721,1.4170
-2.897,28.5189,16.4049,0.1849,4.0368,4.6917,1.5326,1.4540
-2.887,28.9453,16.7908,0.1846,3.9899,4.7796,1.4942,1.4897
-2.877,29.3792,17.1760,0.1844,3.9528,4.8657,1.4570,1.5241
-2.867,29.8204,17.5608,0.1843,3.9253,4.9497,1.4212,1.5572
-2.857,30.2681,17.9452,0.1842,3.9065,5.0317,1.3867,1.5890
-2.847,30.7220,18.3292,0.1842,3.8961,5.1117,1.3537,1.6194
-2.837,31.1820,18.7130,0.1842,3.8936,5.1896,1.3221,1.6484
-2.827,31.6474,19.0968,0.1843,3.8982,5.2654,1.2920,1.6760
-2.817,32.1179,19.4807,0.1844,3.9095,5.3392,1.2635,1.7022
-2.807,32.5934,19.8646,0.1846,3.9270,5.4110,1.2366,1.7271
-2.797,33.0730,20.2486,0.1848,3.9503,5.4807,1.2113,1.7506
-2.787,33.5560,20.6322,0.1852,3.9787,5.5484,1.1877,1.7728
-2.777,34.0413,21.0152,0.1855,4.0117,5.6141,1.1658,1.7935
-2.767,34.5280,21.3969,0.1859,4.0488,5.6776,1.1455,1.8130
-2.757,35.0150,21.7770,0.1864,4.0894,5.7389,1.1269,1.8310
-2.747,35.5007,22.1548,0.1870,4.1329,5.7980,1.1099,1.8478
-2.737,35.9838,22.5294,0.1875,4.1787,5.8548,1.0945,1.8632
-2.727,36.4627,22.8999,0.1881,4.2264,5.9092,1.0807,1.8773
-2.717,36.9356,23.2656,0.1888,4.2753,5.9611,1.0683,1.8901
-2.707,37.4004,23.6248,0.1894,4.3248,6.0103,1.0573,1.9017
-2.697,37.8551,23.9767,0.1901,4.3744,6.0567,1.0476,1.9119
-2.687,38.2977,24.3200,0.1907,4.4233,6.1001,1.0391,1.9209
-2.677,38.7261,24.6535,0.1914,4.4711,6.1406,1.0318,1.9287
-2.667,39.1383,24.9759,0.1920,4.5172,6.1778,1.0256,1.9352
-2.657,39.5324,25.2862,0.1926,4.5610,6.2117,1.0202,1.9406
-2.647,39.9067,25.5830,0.1931,4.6022,6.2422,1.0158,1.9447
-2.637,40.2591,25.8654,0.1936,4.6402,6.2692,1.0121,1.9478
-2.627,40.5881,26.1324,0.1940,4.6744,6.2927,1.0090,1.9498
-2.617,40.8925,26.3829,0.1943,4.7048,6.3125,1.0065,1.9507
-2.607,41.1706,26.6160,0.1945,4.7309,6.3287,1.0044,1.9506
-2.597,41.4213,26.8311,0.1946,4.7523,6.3411,1.0027,1.9496
-2.587,41.6442,27.0277,0.1946,4.7690,6.3500,1.0013,1.9477
-2.577,41.8384,27.2054,0.1944,4.7807,6.3552,1.0001,1.9450
-2.567,42.0032,27.3637,0.1942,4.7871,6.3568,0.9990,1.9414
-2.557,42.1389,27.5026,0.1938,4.7884,6.3549,0.9979,1.9372
-2.547,42.2455,27.6222,0.1932,4.7846,6.3496,0.9968,1.9324
-2.537,42.3238,27.7228,0.1925,4.7756,6.3412,0.9956,1.9270
-2.527,42.3738,27.8046,0.1916,4.7617,6.3296,0.9943,1.9212
-2.517,42.3965,27.8680,0.1906,4.7429,6.3151,0.9927,1.9149
-2.507,42.3930,27.9137,0.1895,4.7194,6.2979,0.9910,1.9082
-2.497,42.3647,27.9426,0.1881,4.6915,6.2782,0.9891,1.9013
-2.487,42.3125,27.9551,0.1867,4.6595,6.2560,0.9869,1.8942
-2.477,42.2383,27.9525,0.1851,4.6237,6.2317,0.9844,1.8870
-2.467,42.1439,27.9360,0.1833,4.5845,6.2056,0.9817,1.8796
-2.457,42.0311,27.9067,0.1815,4.5422,6.1777,0.9788,1.8722
-2.447,41.9019,27.8656,0.1795,4.4972,6.1483,0.9756,1.8649
-2.437,41.7582,27.8143,0.1774,4.4499,6.1177,0.9723,1.8576
-2.427,41.6024,27.7543,0.1752,4.4007,6.0861,0.9688,1.8504
-2.417,41.4367,27.6869,0.1729,4.3501,6.0536,0.9653,1.8434
-2.407,41.2631,27.6134,0.1705,4.2985,6.0205,0.9618,1.8366
-2.397,41.0837,27.5355,0.1681,4.2461,5.9870,0.9583,1.8299
-2.387,40.9012,27.4547,0.1657,4.1936,5.9533,0.9549,1.8235
-2.377,40.7175,27.3724,0.1632,4.1411,5.9195,0.9517,1.8174
-2.367,40.5349,27.2903,0.1607,4.0891,5.8859,0.9489,1.8115
-2.357,40.3556,27.2097,0.1582,4.0379,5.8526,0.9465,1.8059
-2.347,40.1816,27.1322,0.1558,3.9878,5.8197,0.9446,1.8005
-2.337,40.0149,27.0592,0.1533,3.9392,5.7874,0.9433,1.7955
-2.327,39.8577,26.9921,0.1510,3.8923,5.7558,0.9427,1.7907
-2.317,39.7115,26.9321,0.1487,3.8473,5.7251,0.9429,1.7863
-2.307,39.5781,26.8805,0.1465,3.8045,5.6953,0.9440,1.7821
-2.297,39.4595,26.8387,0.1444,3.7640,5.6667,0.9462,1.7782
-2.287,39.3567,26.8076,0.1424,3.7260,5.6391,0.9494,1.7747
-2.277,39.2714,26.7882,0.1406,3.6907,5.6129,0.9538,1.7714
-2.267,39.2045,26.7815,0.1388,3.6581,5.5879,0.9595,1.7685
-2.257,39.1571,26.7881,0.1373,3.6283,5.5643,0.9665,1.7658
-2.247,39.1301,26.8089,0.1359,3.6013,5.5421,0.9748,1.7636
-2.237,39.1252,26.8451,0.1346,3.5773,5.5215,0.9845,1.7617
-2.227,39.1412,26.8958,0.1335,3.5562,5.5024,0.9956,1.7601
-2.217,39.1789,26.9618,0.1326,3.5378,5.4848,1.0080,1.7590
-2.207,39.2385,27.0432,0.1318,3.5223,5.4687,1.0218,1.7582
-2.197,39.3199,27.1402,0.1311,3.5094,5.4542,1.0368,1.7579
-2.187,39.4229,27.2525,0.1307,3.4991,5.4413,1.0531,1.7581
-2.177,39.5469,27.3799,0.1303,3.4913,5.4299,1.0704,1.7587
-2.167,39.6912,27.5220,0.1301,3.4858,5.4200,1.0888,1.7597
-2.157,39.8553,27.6784,0.1301,3.4824,5.4116,1.1081,1.7614
-2.147,40.0380,27.8485,0.1301,3.4810,5.4048,1.1281,1.7635
-2.137,40.2381,28.0314,0.1302,3.4813,5.3993,1.1487,1.7662
-2.127,40.4543,28.2265,0.1305,3.4831,5.3952,1.1696,1.7695
-2.117,40.6854,28.4327,0.1307,3.4863,5.3924,1.1908,1.7733
-2.107,40.9300,28.6494,0.1311,3.4905,5.3908,1.2120,1.7777
-2.097,41.1867,28.8755,0.1314,3.4956,5.3906,1.2329,1.7827
-2.087,41.4536,29.1099,0.1318,3.5012,5.3914,1.2535,1.7883
-2.077,41.7291,29.3515,0.1322,3.5072,5.3933,1.2735,1.7944
-2.067,42.0112,29.5990,0.1326,3.5132,5.3962,1.2926,1.8010
-2.057,42.2989,29.8519,0.1329,3.5191,5.4000,1.3108,1.8082
-2.047,42.5908,30.1090,0.1332,3.5246,5.4046,1.3277,1.8158
-2.037,42.8848,30.3692,0.1334,3.5294,5.4101,1.3433,1.8239
-2.027,43.1794,30.6313,0.1336,3.5334,5.4163,1.3574,1.8324
-2.017,43.4730,30.8944,0.1337,3.5362,5.4230,1.3698,1.8412
-2.007,43.7646,31.1579,0.1337,3.5378,5.4303,1.3805,1.8503
-1.997,44.0531,31.4210,0.1336,3.5380,5.4381,1.3892,1.8597
-1.987,44.3364,31.6822,0.1334,3.5365,5.4463,1.3960,1.8691
-1.977,44.6143,31.9416,0.1331,3.5332,5.4548,1.4007,1.8787
-1.967,44.8862,32.1987,0.1327,3.5281,5.4636,1.4035,1.8883
-1.957,45.1501,32.4521,0.1322,3.5209,5.4726,1.4041,1.8978
-1.947,45.4060,32.7018,0.1316,3.5116,5.4818,1.4026,1.9071
-1.937,45.6530,32.9473,0.1309,3.5002,5.4909,1.3992,1.9162
-1.927,45.8911,33.1884,0.1302,3.4866,5.5002,1.3937,1.9249
-1.917,46.1192,33.4244,0.1293,3.4706,5.5093,1.3864,1.9333
-1.907,46.3372,33.6551,0.1284,3.4525,5.5183,1.3772,1.9412
-1.897,46.5448,33.8804,0.1274,3.4321,5.5271,1.3662,1.9486
-1.887,46.7416,34.0998,0.1264,3.4094,5.5356,1.3536,1.9553
-1.877,46.9278,34.3134,0.1254,3.3846,5.5437,1.3395,1.9613
-1.867,47.1032,34.5209,0.1243,3.3577,5.5515,1.3240,1.9666
-1.857,47.2677,34.7222,0.1232,3.3287,5.5588,1.3072,1.9711
-1.847,47.4213,34.9173,0.1221,3.2978,5.5655,1.2893,1.9748
-1.837,47.5643,35.1061,0.1210,3.2650,5.5715,1.2704,1.9776
-1.827,47.6965,35.2882,0.1199,3.2306,5.5769,1.2506,1.9794
-1.817,47.8176,35.4636,0.1189,3.1945,5.5814,1.2300,1.9804
-1.807,47.9279,35.6321,0.1179,3.1569,5.5851,1.2088,1.9803
-1.797,48.0274,35.7936,0.1169,3.1179,5.5877,1.1870,1.9793
-1.787,48.1161,35.9480,0.1159,3.0777,5.5893,1.1648,1.9773
-1.777,48.1942,36.0952,0.1150,3.0365,5.5897,1.1423,1.9743
-1.767,48.2619,36.2353,0.1142,2.9944,5.5889,1.1196,1.9704
-1.757,48.3193,36.3681,0.1134,2.9516,5.5868,1.0968,1.9656
-1.747,48.3666,36.4936,0.1126,2.9081,5.5833,1.0738,1.9599
-1.737,48.4038,36.6117,0.1119,2.8642,5.5783,1.0509,1.9533
-1.727,48.4314,36.7226,0.1112,2.8201,5.5719,1.0281,1.9459
-1.717,48.4499,36.8265,0.1106,2.7758,5.5639,1.0054,1.9378
-1.707,48.4595,36.9235,0.1100,2.7317,5.5544,0.9829,1.9290
-1.697,48.4608,37.0137,0.1095,2.6877,5.5433,0.9606,1.9195
-1.687,48.4542,37.0975,0.1089,2.6442,5.5306,0.9385,1.9095
-1.677,48.4404,37.1752,0.1084,2.6011,5.5164,0.9167,1.8990
-1.667,48.4197,37.2471,0.1079,2.5587,5.5006,0.8953,1.8881
-1.657,48.3929,37.3135,0.1075,2.5171,5.4833,0.8741,1.8768
-1.647,48.3611,37.3752,0.1070,2.4764,5.4645,0.8533,1.8652
-1.637,48.3252,37.4327,0.1065,2.4368,5.4444,0.8329,1.8535
-1.627,48.2859,37.4868,0.1060,2.3984,5.4230,0.8128,1.8416
-1.617,48.2439,37.5377,0.1056,2.3612,5.4003,0.7931,1.8296
-1.607,48.1998,37.5859,0.1051,2.3253,5.3766,0.7738,1.8176
-1.597,48.1544,37.6319,0.1046,2.2908,5.3518,0.7549,1.8057
-1.587,48.1084,37.6763,0.1041,2.2577,5.3261,0.7363,1.7938
-1.577,48.0629,37.7198,0.1035,2.2262,5.2997,0.7181,1.7821
-1.567,48.0183,37.7628,0.1030,2.1961,5.2726,0.7002,1.7706
-1.557,47.9749,37.8054,0.1024,2.1676,5.2450,0.6828,1.7592
-1.547,47.9329,37.8478,0.1018,2.1405,5.2169,0.6656,1.7481
-1.537,47.8925,37.8901,0.1012,2.1150,5.1885,0.6489,1.7371
-1.527,47.8537,37.9324,0.1005,2.0908,5.1597,0.6324,1.7263
-1.517,47.8160,37.9742,0.0999,2.0680,5.1306,0.6163,1.7157
-1.507,47.7790,38.0152,0.0992,2.0465,5.1014,0.6006,1.7052
-1.497,47.7427,38.0554,0.0984,2.0261,5.0720,0.5851,1.6949
-1.487,47.7055,38.0935,0.0977,2.0069,5.0424,0.5699,1.6845
-1.477,47.6667,38.1290,0.0969,1.9886,5.0126,0.5550,1.6742
-1.467,47.6249,38.1608,0.0961,1.9712,4.9826,0.5404,1.6637
-1.457,47.5790,38.1879,0.0953,1.9544,4.9522,0.5261,1.6531
-1.447,47.5274,38.2093,0.0945,1.9382,4.9215,0.5120,1.6424
-1.437,47.4685,38.2234,0.0936,1.9225,4.8903,0.4982,1.6313
-1.427,47.4008,38.2294,0.0927,1.9070,4.8585,0.4847,1.6199
-1.417,47.3224,38.2255,0.0918,1.8915,4.8260,0.4713,1.6080
-1.407,47.2321,38.2108,0.0908,1.8761,4.7928,0.4582,1.5957
-1.397,47.1282,38.1840,0.0898,1.8606,4.7586,0.4453,1.5828
-1.387,47.0089,38.1437,0.0888,1.8448,4.7234,0.4326,1.5693
-1.377,46.8728,38.0886,0.0878,1.8285,4.6870,0.4202,1.5552
-1.367,46.7186,38.0180,0.0867,1.8117,4.6494,0.4079,1.5404
-1.357,46.5456,37.9310,0.0856,1.7943,4.6104,0.3958,1.5249
-1.347,46.3525,37.8269,0.0845,1.7763,4.5699,0.3839,1.5087
-1.337,46.1389,37.7050,0.0834,1.7574,4.5280,0.3723,1.4918
-1.327,45.9041,37.5651,0.0822,1.7377,4.4845,0.3607,1.4742
-1.317,45.6484,37.4072,0.0810,1.7172,4.4394,0.3494,1.4559
-1.307,45.3719,37.2315,0.0799,1.6958,4.3928,0.3383,1.4370
-1.297,45.0747,37.0380,0.0787,1.6735,4.3447,0.3274,1.4174
-1.287,44.7574,36.8274,0.0775,1.6502,4.2951,0.3166,1.3973
-1.277,44.4215,36.6006,0.0763,1.6262,4.2442,0.3061,1.3767
-1.267,44.0678,36.3584,0.0751,1.6013,4.1919,0.2957,1.3557
-1.257,43.6975,36.1018,0.0739,1.5757,4.1385,0.2855,1.3344
-1.247,43.3122,35.8321,0.0727,1.5493,4.0840,0.2756,1.3127
-1.237,42.9138,35.5507,0.0716,1.5224,4.0286,0.2658,1.2909
-1.227,42.5040,35.2592,0.0705,1.4948,3.9725,0.2562,1.2690
-1.217,42.0848,34.9591,0.0694,1.4668,3.9158,0.2469,1.2470
-1.207,41.6582,34.6520,0.0683,1.4384,3.8588,0.2378,1.2251
-1.197,41.2264,34.3398,0.0673,1.4097,3.8016,0.2289,1.2033
-1.187,40.7914,34.0240,0.0663,1.3809,3.7445,0.2202,1.1817
-1.177,40.3549,33.7060,0.0654,1.3519,3.6875,0.2117,1.1604
-1.167,39.9191,33.3877,0.0645,1.3230,3.6308,0.2035,1.1394
-1.157,39.4858,33.0705,0.0637,1.2942,3.5747,0.1956,1.1188
-1.147,39.0566,32.7558,0.0629,1.2656,3.5193,0.1879,1.0986
-1.137,38.6333,32.4448,0.0622,1.2374,3.4647,0.1804,1.0789
-1.127,38.2170,32.1387,0.0615,1.2094,3.4110,0.1732,1.0598
-1.117,37.8088,31.8384,0.0609,1.1820,3.3583,0.1663,1.0411
-1.107,37.4101,31.5449,0.0603,1.1550,3.3067,0.1596,1.0231
-1.097,37.0215,31.2588,0.0597,1.1287,3.2563,0.1531,1.0056
-1.087,36.6434,30.9804,0.0592,1.1029,3.2071,0.1469,0.9888
-1.077,36.2764,30.7102,0.0588,1.0779,3.1591,0.1410,0.9725
-1.067,35.9205,30.4483,0.0584,1.0535,3.1123,0.1353,0.9568
-1.057,35.5757,30.1946,0.0580,1.0298,3.0666,0.1298,0.9418
-1.047,35.2418,29.9490,0.0576,1.0069,3.0222,0.1245,0.9272
-1.037,34.9183,29.7111,0.0572,0.9847,2.9788,0.1195,0.9133
-1.027,34.6041,29.4800,0.0569,0.9633,2.9363,0.1147,0.8999
-1.017,34.2998,29.2560,0.0566,0.9426,2.8949,0.1102,0.8870
-1.007,34.0035,29.0379,0.0562,0.9226,2.8543,0.1058,0.8745
-0.997,33.7140,28.8245,0.0559,0.9034,2.8144,0.1016,0.8626
-0.987,33.4302,28.6147,0.0556,0.8848,2.7750,0.0977,0.8510
-0.977,33.1506,28.4075,0.0552,0.8668,2.7362,0.0939,0.8398
-0.967,32.8738,28.2017,0.0548,0.8494,2.6977,0.0903,0.8290
-0.957,32.5981,27.9958,0.0544,0.8326,2.6594,0.0868,0.8184
-0.947,32.3216,27.7881,0.0540,0.8162,2.6211,0.0835,0.8081
-0.937,32.0427,27.5774,0.0535,0.8004,2.5827,0.0804,0.7980
-0.927,31.7594,27.3618,0.0530,0.7849,2.5442,0.0773,0.7880
-0.917,31.4699,27.1399,0.0525,0.7697,2.5053,0.0745,0.7781
-0.907,31.1721,26.9098,0.0519,0.7549,2.4659,0.0717,0.7683
-0.897,30.8641,26.6698,0.0513,0.7403,2.4259,0.0691,0.7585
-0.887,30.5439,26.4183,0.0506,0.7258,2.3852,0.0665,0.7485
-0.877,30.2095,26.1534,0.0499,0.7115,2.3437,0.0641,0.7385
-0.867,29.8590,25.8735,0.0491,0.6973,2.3012,0.0617,0.7283
-0.857,29.4906,25.5771,0.0483,0.6831,2.2577,0.0595,0.7178
-0.847,29.1024,25.2624,0.0475,0.6688,2.2132,0.0573,0.7071
-0.837,28.6928,24.9280,0.0465,0.6545,2.1674,0.0552,0.6960
-0.827,28.2605,24.5727,0.0456,0.6401,2.1204,0.0531,0.6845
-0.817,27.8041,24.1953,0.0446,0.6255,2.0722,0.0511,0.6726
-0.807,27.3224,23.7948,0.0435,0.6107,2.0227,0.0492,0.6603
-0.797,26.8146,23.3703,0.0425,0.5957,1.9719,0.0473,0.6474
-0.787,26.2799,22.9212,0.0413,0.5805,1.9198,0.0455,0.6340
-0.777,25.7181,22.4473,0.0402,0.5650,1.8664,0.0437,0.6201
-0.767,25.1289,21.9483,0.0390,0.5493,1.8118,0.0419,0.6055
-0.757,24.5127,21.4244,0.0377,0.5332,1.7560,0.0402,0.5905
-0.747,23.8701,20.8763,0.0365,0.5169,1.6991,0.0385,0.5748
-0.737,23.2017,20.3045,0.0352,0.5004,1.6412,0.0368,0.5586
-0.727,22.5089,19.7101,0.0339,0.4836,1.5825,0.0352,0.5419
-0.717,21.7930,19.0943,0.0326,0.4665,1.5229,0.0336,0.5246
-0.707,21.0560,18.4589,0.0312,0.4492,1.4627,0.0320,0.5069
-0.697,20.2999,17.8057,0.0299,0.4318,1.4020,0.0305,0.4887
-0.687,19.5270,17.1366,0.0285,0.4142,1.3410,0.0290,0.4702
-0.677,18.7400,16.4541,0.0272,0.3965,1.2799,0.0275,0.4513
-0.667,17.9416,15.7606,0.0258,0.3788,1.2187,0.0260,0.4322
-0.657,17.1349,15.0588,0.0245,0.3610,1.1578,0.0246,0.4129
-0.647,16.3227,14.3514,0.0231,0.3433,1.0973,0.0232,0.3934
-0.637,15.5085,13.6413,0.0218,0.3256,1.0374,0.0218,0.3739
-0.627,14.6957,12.9316,0.0205,0.3081,0.9782,0.0205,0.3544
-0.617,13.8876,12.2251,0.0193,0.2908,0.9201,0.0192,0.3350
-0.607,13.0872,11.5248,0.0180,0.2738,0.8631,0.0180,0.3158
-0.597,12.2979,10.8336,0.0168,0.2570,0.8074,0.0167,0.2969
-0.587,11.5227,10.1542,0.0157,0.2407,0.7533,0.0156,0.2783
-0.577,10.7646,9.4892,0.0145,0.2247,0.7008,0.0145,0.2601
-0.567,10.0262,8.8410,0.0135,0.2092,0.6501,0.0134,0.2424
-0.557,9.3100,8.2119,0.0124,0.1942,0.6012,0.0123,0.2251
-0.547,8.6181,7.6038,0.0114,0.1798,0.5544,0.0114,0.2085
-0.537,7.9526,7.0185,0.0105,0.1659,0.5097,0.0104,0.1925
-0.527,7.3153,6.4577,0.0096,0.1526,0.4672,0.0095,0.1771
-0.517,6.7073,5.9225,0.0087,0.1399,0.4268,0.0087,0.1625
-0.507,6.1298,5.4139,0.0079,0.1279,0.3887,0.0079,0.1486
-0.497,5.5838,4.9328,0.0072,0.1166,0.3529,0.0072,0.1354
-0.487,5.0696,4.4795,0.0065,0.1059,0.3194,0.0065,0.1230
-0.477,4.5872,4.0542,0.0058,0.0959,0.2881,0.0058,0.1113
-0.467,4.1365,3.6566,0.0052,0.0865,0.2590,0.0052,0.1005
-0.457,3.7175,3.2869,0.0047,0.0778,0.2321,0.0047,0.0903
-0.447,3.3295,2.9444,0.0042,0.0697,0.2072,0.0042,0.0809
-0.437,2.9717,2.6284,0.0037,0.0623,0.1844,0.0037,0.0723
-0.427,2.6429,2.3381,0.0033,0.0554,0.1636,0.0033,0.0643
-0.417,2.3422,2.0724,0.0029,0.0491,0.1446,0.0029,0.0570
-0.407,2.0683,1.8303,0.0025,0.0434,0.1273,0.0026,0.0504
-0.397,1.8200,1.6109,0.0022,0.0382,0.1117,0.0022,0.0444
-0.387,1.5959,1.4127,0.0019,0.0336,0.0977,0.0020,0.0389
-0.377,1.3943,1.2345,0.0017,0.0293,0.0852,0.0017,0.0340
-0.367,1.2138,1.0748,0.0015,0.0256,0.0740,0.0015,0.0296
-0.357,1.0527,0.9323,0.0013,0.0222,0.0640,0.0013,0.0257
-0.347,0.9097,0.8058,0.0011,0.0192,0.0552,0.0011,0.0222
-0.337,0.7833,0.6939,0.0009,0.0165,0.0474,0.0009,0.0192
-0.327,0.6718,0.5953,0.0008,0.0142,0.0406,0.0008,0.0164
-0.317,0.5740,0.5087,0.0007,0.0121,0.0346,0.0007,0.0141
-0.307,0.4887,0.4331,0.0006,0.0103,0.0294,0.0006,0.0120
-0.297,0.4144,0.3673,0.0005,0.0088,0.0248,0.0005,0.0102
-0.287,0.3500,0.3103,0.0004,0.0074,0.0209,0.0004,0.0086
-0.277,0.2946,0.2612,0.0003,0.0062,0.0176,0.0003,0.0072
-0.267,0.2471,0.2191,0.0003,0.0052,0.0147,0.0003,0.0061
-0.257,0.2064,0.1831,0.0002,0.0044,0.0123,0.0002,0.0051
-0.247,0.1717,0.1523,0.0002,0.0037,0.0102,0.0002,0.0042
-0.237,0.1423,0.1263,0.0002,0.0030,0.0084,0.0002,0.0035
-0.227,0.1175,0.1042,0.0001,0.0025,0.0069,0.0001,0.0029
-0.217,0.0965,0.0856,0.0001,0.0021,0.0057,0.0001,0.0024
-0.207,0.0788,0.0700,0.0001,0.0017,0.0046,0.0001,0.0019
-0.197,0.0642,0.0570,0.0001,0.0014,0.0038,0.0001,0.0016
-0.187,0.0521,0.0462,0.0001,0.0011,0.0030,0.0001,0.0013
-0.177,0.0422,0.0374,0.0000,0.0009,0.0025,0.0000,0.0010
-0.167,0.0339,0.0301,0.0000,0.0007,0.0020,0.0000,0.0008
-0.157,0.0271,0.0240,0.0000,0.0006,0.0016,0.0000,0.0007
-0.147,0.0215,0.0191,0.0000,0.0005,0.0012,0.0000,0.0005
-0.137,0.0170,0.0151,0.0000,0.0004,0.0010,0.0000,0.0004
-0.127,0.0134,0.0119,0.0000,0.0003,0.0008,0.0000,0.0003
-0.117,0.0103,0.0092,0.0000,0.0002,0.0006,0.0000,0.0003
-0.107,0.0079,0.0070,0.0000,0.0002,0.0005,0.0000,0.0002
-0.097,0.0060,0.0053,0.0000,0.0001,0.0003,0.0000,0.0001
-0.087,0.0045,0.0040,0.0000,0.0001,0.0003,0.0000,0.0001
-0.077,0.0033,0.0030,0.0000,0.0001,0.0002,0.0000,0.0001
-0.067,0.0024,0.0022,0.0000,0.0001,0.0001,0.0000,0.0001
-0.057,0.0017,0.0016,0.0000,0.0000,0.0001,0.0000,0.0000
-0.047,0.0012,0.0011,0.0000,0.0000,0.0001,0.0000,0.0000
-0.037,0.0009,0.0008,0.0000,0.0000,0.0000,0.0000,0.0000
-0.027,0.0006,0.0006,0.0000,0.0000,0.0000,0.0000,0.0000
-0.017,0.0004,0.0004,0.0000,0.0000,0.0000,0.0000,0.0000
-0.007,0.0003,0.0002,0.0000,0.0000,0.0000,0.0000,0.0000
0.003,0.0001,0.0001,0.0000,0.0000,0.0000,0.0000,0.0000
0.013,0.0001,0.0001,0.0000,0.0000,0.0000,0.0000,0.0000
0.023,0.0000,0.0000,0.0000,0.0000,0.0000,0.0000,0.0000
0.033,0.0000,0.0000,0.0000,0.0000,0.0000,0.0000,0.0000
0.043,0.0000,0.0000,0.0000,0.0000,0.0000,0.0000,0.0000
0.053,0.0000,0.0000,0.0000,0.0000,0.0000,0.0000,0.0000
0.063,0.0000,0.0000,0.0000,0.0000,0.0000,0.0000,0.0000
0.073,0.0000,0.0000,0.0000,0.0000,0.0000,0.0000,0.0000
0.083,0.0000,0.0000,0.0000,0.0000,0.0000,0.0000,0.0000
0.093,0.0000,0.0000,0.0000,0.0000,0.0000,0.0000,0.0000
0.103,0.0000,0.0000,0.0000,0.0000,0.0000,0.0000,0.0000
0.113,0.0000,0.0000,0.0000,0.0000,0.0000,0.0000,0.0000
0.123,0.0000,0.0000,0.0000,0.0000,0.0000,0.0000,0.0000
0.133,0.0000,0.0000,0.0000,0.0000,0.0000,0.0000,0.0000
0.143,0.0000,0.0000,0.0000,0.0000,0.0000,0.0000,0.0000
0.153,0.0000,0.0000,0.0000,0.0000,0.0000,0.0000,0.0000
0.163,0.0000,0.0000,0.0000,0.0000,0.0000,0.0000,0.0000
0.173,0.0000,0.0000,0.0000,0.0000,0.0000,0.0000,0.0000
0.183,0.0000,0.0000,0.0000,0.0000,0.0000,0.0000,0.0000
0.193,0.0000,0.0000,0.0000,0.0000,0.0000,0.0000,0.0000
0.203,0.0000,0.0000,0.0000,0.0000,0.0000,0.0000,0.0000
0.213,0.0000,0.0000,0.0000,0.0000,0.0000,0.0000,0.0000
0.223,0.0000,0.0000,0.0000,0.0000,0.0000,0.0000,0.0000
0.233,0.0000,0.0000,0.0000,0.0000,0.0000,0.0000,0.0000
0.243,0.0000,0.0000,0.0000,0.0000,0.0000,0.0000,0.0000
0.253,0.0000,0.0000,0.0000,0.0000,0.0000,0.0000,0.0000
0.263,0.0000,0.0000,0.0000,0.0000,0.0000,0.0000,0.0000
0.273,0.0000,0.0000,0.0000,0.0000,0.0000,0.0000,0.0000
0.283,0.0000,0.0000,0.0000,0.0000,0.0000,0.0000,0.0000
0.293,0.0000,0.0000,0.0000,0.0000,0.0000,0.0000,0.0000
0.303,0.0000,0.0000,0.0000,0.0000,0.0000,0.0000,0.0000
0.313,0.0000,0.0000,0.0000,0.0000,0.0000,0.0000,0.0000
0.323,0.0000,0.0000,0.0000,0.0000,0.0000,0.0000,0.0000
0.333,0.0000,0.0000,0.0000,0.0000,0.0000,0.0000,0.0000
0.343,0.0000,0.0000,0.0000,0.0000,0.0000,0.0000,0.0000
0.353,0.0000,0.0000,0.0000,0.0000,0.0000,0.0000,0.0000
0.363,0.0000,0.0000,0.0000,0.0000,0.0000,0.0000,0.0000
0.373,0.0000,0.0000,0.0000,0.0000,0.0000,0.0000,0.0000
0.383,0.0000,0.0000,0.0000,0.0000,0.0000,0.0000,0.0000
0.393,0.0000,0.0000,0.0000,0.0000,0.0000,0.0000,0.0000
0.403,0.0000,0.0000,0.0000,0.0000,0.0000,0.0000,0.0000
0.413,0.0000,0.0000,0.0000,0.0000,0.0000,0.0000,0.0000
0.423,0.0000,0.0000,0.0000,0.0000,0.0000,0.0000,0.0000
0.433,0.0000,0.0000,0.0000,0.0000,0.0000,0.0000,0.0000
0.443,0.0000,0.0000,0.0000,0.0000,0.0000,0.0000,0.0000
0.453,0.0000,0.0000,0.0000,0.0000,0.0000,0.0000,0.0000
0.463,0.0000,0.0000,0.0000,0.0000,0.0000,0.0000,0.0000
0.473,0.0000,0.0000,0.0000,0.0000,0.0000,0.0000,0.0000
0.483,0.0000,0.0000,0.0000,0.0000,0.0000,0.0000,0.0000
0.493,0.0000,0.0000,0.0000,0.0000,0.0000,0.0000,0.0000
0.503,0.0000,0.0000,0.0000,0.0000,0.0000,0.0000,0.0000
0.513,0.0000,0.0000,0.0000,0.0000,0.0000,0.0000,0.0000
0.523,0.0000,0.0000,0.0000,0.0000,0.0000,0.0000,0.0000
0.533,0.0000,0.0000,0.0000,0.0000,0.0000,0.0000,0.0000
0.543,0.0000,0.0000,0.0000,0.0000,0.0000,0.0000,0.0000
0.553,0.0000,0.0000,0.0000,0.0000,0.0000,0.0000,0.0000
0.563,0.0000,0.0000,0.0000,0.0000,0.0000,0.0000,0.0000
0.573,0.0000,0.0000,0.0000,0.0000,0.0000,0.0000,0.0000
0.583,0.0000,0.0000,0.0000,0.0000,0.0000,0.0000,0.0000
0.593,0.0000,0.0000,0.0000,0.0000,0.0000,0.0000,0.0000
0.603,0.0000,0.0000,0.0000,0.0000,0.0000,0.0000,0.0000
0.613,0.0000,0.0000,0.0000,0.0000,0.0000,0.0000,0.0000
0.623,0.0000,0.0000,0.0000,0.0000,0.0000,0.0000,0.0000
0.633,0.0000,0.0000,0.0000,0.0000,0.0000,0.0000,0.0000
0.643,0.0000,0.0000,0.0000,0.0000,0.0000,0.0000,0.0000
0.653,0.0000,0.0000,0.0000,0.0000,0.0000,0.0000,0.0000
0.663,0.0000,0.0000,0.0000,0.0000,0.0000,0.0000,0.0000
0.673,0.0000,0.0000,0.0000,0.0000,0.0000,0.0000,0.0000
0.683,0.0000,0.0000,0.0000,0.0000,0.0000,0.0000,0.0000
0.693,0.0000,0.0000,0.0000,0.0000,0.0000,0.0000,0.0000
0.703,0.0000,0.0000,0.0000,0.0000,0.0000,0.0000,0.0000
0.713,0.0000,0.0000,0.0000,0.0000,0.0000,0.0000,0.0000
0.723,0.0000,0.0000,0.0000,0.0000,0.0000,0.0000,0.0000
0.733,0.0000,0.0000,0.0000,0.0000,0.0000,0.0000,0.0000
0.743,0.0000,0.0000,0.0000,0.0000,0.0000,0.0000,0.0000
0.753,0.0000,0.0000,0.0000,0.0000,0.0000,0.0000,0.0000
0.763,0.0000,0.0000,0.0000,0.0000,0.0000,0.0000,0.0000
0.773,0.0000,0.0000,0.0000,0.0000,0.0000,0.0000,0.0000
0.783,0.0000,0.0000,0.0000,0.0000,0.0000,0.0000,0.0000
0.793,0.0000,0.0000,0.0000,0.0000,0.0000,0.0000,0.0000
0.803,0.0000,0.0000,0.0000,0.0000,0.0000,0.0000,0.0000
0.813,0.0000,0.0000,0.0000,0.0000,0.0000,0.0000,0.0000
0.823,0.0000,0.0000,0.0000,0.0000,0.0000,0.0000,0.0000
0.833,0.0000,0.0000,0.0000,0.0000,0.0000,0.0000,0.0000
0.843,0.0000,0.0000,0.0000,0.0000,0.0000,0.0000,0.0000
0.853,0.0000,0.0000,0.0000,0.0000,0.0000,0.0000,0.0000
0.863,0.0000,0.0000,0.0000,0.0000,0.0000,0.0000,0.0000
0.873,0.0000,0.0000,0.0000,0.0000,0.0000,0.0000,0.0000
0.883,0.0000,0.0000,0.0000,0.0000,0.0000,0.0000,0.0000
0.893,0.0000,0.0000,0.0000,0.0000,0.0000,0.0000,0.0000
0.903,0.0000,0.0000,0.0000,0.0000,0.0000,0.0000,0.0000
0.913,0.0000,0.0000,0.0000,0.0000,0.0000,0.0000,0.0000
0.923,0.0000,0.0000,0.0000,0.0000,0.0000,0.0000,0.0000
0.933,0.0000,0.0000,0.0000,0.0000,0.0000,0.0000,0.0000
0.943,0.0000,0.0000,0.0000,0.0000,0.0000,0.0000,0.0000
0.953,0.0000,0.0000,0.0000,0.0000,0.0000,0.0000,0.0000
0.963,0.0000,0.0000,0.0000,0.0000,0.0000,0.0000,0.0000
0.973,0.0000,0.0000,0.0000,0.0000,0.0000,0.0000,0.0000
0.983,0.0000,0.0000,0.0000,0.0000,0.0000,0.0000,0.0000
0.993,0.0000,0.0000,0.0000,0.0000,0.0000,0.0000,0.0000
1.003,0.0000,0.0000,0.0000,0.0000,0.0000,0.0000,0.0000
1.013,0.0000,0.0000,0.0000,0.0000,0.0000,0.0000,0.0000
1.023,0.0000,0.0000,0.0000,0.0000,0.0000,0.0000,0.0000
1.033,0.0000,0.0000,0.0000,0.0000,0.0000,0.0000,0.0000
1.043,0.0001,0.0000,0.0000,0.0000,0.0000,0.0000,0.0000
1.053,0.0001,0.0000,0.0000,0.0000,0.0000,0.0000,0.0000
1.063,0.0001,0.0000,0.0000,0.0000,0.0000,0.0000,0.0000
1.073,0.0001,0.0001,0.0000,0.0000,0.0000,0.0000,0.0000
1.083,0.0002,0.0001,0.0001,0.0000,0.0000,0.0000,0.0000
1.093,0.0002,0.0001,0.0001,0.0000,0.0000,0.0000,0.0000
1.103,0.0003,0.0001,0.0001,0.0000,0.0000,0.0000,0.0000
1.113,0.0004,0.0002,0.0001,0.0000,0.0001,0.0000,0.0000
1.123,0.0005,0.0002,0.0001,0.0000,0.0001,0.0000,0.0000
1.133,0.0006,0.0003,0.0002,0.0000,0.0001,0.0000,0.0000
1.143,0.0007,0.0003,0.0002,0.0000,0.0001,0.0000,0.0000
1.153,0.0009,0.0004,0.0003,0.0000,0.0002,0.0000,0.0000
1.163,0.0011,0.0005,0.0003,0.0000,0.0002,0.0000,0.0000
1.173,0.0014,0.0006,0.0004,0.0000,0.0002,0.0000,0.0000
1.183,0.0017,0.0008,0.0005,0.0000,0.0003,0.0000,0.0000
1.193,0.0021,0.0009,0.0006,0.0000,0.0003,0.0000,0.0000
1.203,0.0025,0.0011,0.0007,0.0001,0.0004,0.0000,0.0000
1.213,0.0030,0.0013,0.0009,0.0001,0.0005,0.0000,0.0000
1.223,0.0036,0.0016,0.0010,0.0001,0.0006,0.0000,0.0000
1.233,0.0043,0.0019,0.0012,0.0001,0.0007,0.0000,0.0000
1.243,0.0052,0.0023,0.0015,0.0001,0.0009,0.0000,0.0000
1.253,0.0061,0.0028,0.0018,0.0001,0.0010,0.0001,0.0000
1.263,0.0073,0.0033,0.0021,0.0002,0.0012,0.0001,0.0000
1.273,0.0086,0.0038,0.0025,0.0002,0.0014,0.0001,0.0000
1.283,0.0101,0.0045,0.0029,0.0002,0.0017,0.0001,0.0000
1.293,0.0118,0.0053,0.0034,0.0003,0.0020,0.0001,0.0000
1.303,0.0138,0.0062,0.0039,0.0003,0.0023,0.0001,0.0000
1.313,0.0161,0.0072,0.0046,0.0004,0.0027,0.0001,0.0000
1.323,0.0186,0.0083,0.0053,0.0004,0.0031,0.0002,0.0000
1.333,0.0215,0.0096,0.0061,0.0005,0.0036,0.0002,0.0000
1.343,0.0247,0.0111,0.0071,0.0006,0.0041,0.0002,0.0000
1.353,0.0284,0.0127,0.0081,0.0006,0.0047,0.0002,0.0000
1.363,0.0324,0.0145,0.0093,0.0007,0.0054,0.0003,0.0000
1.373,0.0370,0.0165,0.0106,0.0008,0.0061,0.0003,0.0000
1.383,0.0420,0.0188,0.0120,0.0009,0.0069,0.0004,0.0000
1.393,0.0475,0.0213,0.0136,0.0011,0.0078,0.0004,0.0000
1.403,0.0536,0.0240,0.0154,0.0012,0.0089,0.0005,0.0001
1.413,0.0603,0.0270,0.0173,0.0014,0.0100,0.0005,0.0001
1.423,0.0676,0.0302,0.0194,0.0015,0.0112,0.0006,0.0001
1.433,0.0755,0.0338,0.0216,0.0017,0.0125,0.0006,0.0001
1.443,0.0842,0.0376,0.0241,0.0019,0.0139,0.0007,0.0001
1.453,0.0935,0.0418,0.0268,0.0021,0.0154,0.0008,0.0001
1.463,0.1035,0.0463,0.0297,0.0023,0.0171,0.0009,0.0001
1.473,0.1143,0.0511,0.0328,0.0026,0.0189,0.0010,0.0001
1.483,0.1259,0.0563,0.0361,0.0028,0.0208,0.0011,0.0001
1.493,0.1382,0.0618,0.0396,0.0031,0.0228,0.0012,0.0001
1.503,0.1513,0.0676,0.0434,0.0034,0.0250,0.0013,0.0001
1.513,0.1651,0.0738,0.0474,0.0037,0.0273,0.0014,0.0001
1.523,0.1798,0.0803,0.0516,0.0040,0.0297,0.0015,0.0002
1.533,0.1952,0.0872,0.0560,0.0043,0.0322,0.0017,0.0002
1.543,0.2114,0.0944,0.0607,0.0047,0.0349,0.0018,0.0002
1.553,0.2283,0.1020,0.0656,0.0051,0.0377,0.0019,0.0002
1.563,0.2460,0.1099,0.0707,0.0055,0.0406,0.0021,0.0002
1.573,0.2644,0.1181,0.0760,0.0059,0.0436,0.0022,0.0002
1.583,0.2834,0.1266,0.0814,0.0063,0.0467,0.0024,0.0002
1.593,0.3031,0.1354,0.0871,0.0067,0.0500,0.0026,0.0002
1.603,0.3234,0.1444,0.0930,0.0071,0.0533,0.0028,0.0003
1.613,0.3443,0.1537,0.0990,0.0076,0.0568,0.0029,0.0003
1.623,0.3657,0.1632,0.1052,0.0081,0.0603,0.0031,0.0003
1.633,0.3875,0.1730,0.1115,0.0085,0.0639,0.0033,0.0003
1.643,0.4098,0.1829,0.1179,0.0090,0.0676,0.0035,0.0003
1.653,0.4325,0.1930,0.1245,0.0095,0.0713,0.0037,0.0003
1.663,0.4555,0.2032,0.1311,0.0100,0.0751,0.0039,0.0003
1.673,0.4787,0.2136,0.1379,0.0105,0.0789,0.0041,0.0004
1.683,0.5022,0.2240,0.1447,0.0110,0.0827,0.0043,0.0004
1.693,0.5258,0.2345,0.1515,0.0115,0.0866,0.0045,0.0004
1.703,0.5494,0.2450,0.1584,0.0120,0.0905,0.0047,0.0004
1.713,0.5732,0.2556,0.1653,0.0125,0.0944,0.0049,0.0004
1.723,0.5968,0.2661,0.1721,0.0130,0.0983,0.0051,0.0004
1.733,0.6205,0.2765,0.1790,0.0135,0.1022,0.0053,0.0004
1.743,0.6439,0.2870,0.1858,0.0140,0.1060,0.0055,0.0005
1.753,0.6672,0.2973,0.1926,0.0144,0.1098,0.0057,0.0005
1.763,0.6902,0.3075,0.1993,0.0149,0.1136,0.0059,0.0005
1.773,0.7130,0.3175,0.2059,0.0154,0.1173,0.0061,0.0005
1.783,0.7354,0.3275,0.2125,0.0158,0.1210,0.0063,0.0006
1.793,0.7574,0.3372,0.2189,0.0163,0.1246,0.0065,0.0006
1.803,0.7791,0.3468,0.2252,0.0167,0.1282,0.0067,0.0007
1.813,0.8003,0.3561,0.2314,0.0171,0.1316,0.0069,0.0007
1.823,0.8210,0.3653,0.2375,0.0175,0.1350,0.0071,0.0007
1.833,0.8413,0.3742,0.2434,0.0179,0.1384,0.0072,0.0008
1.843,0.8612,0.3829,0.2492,0.0183,0.1416,0.0074,0.0009
1.853,0.8805,0.3914,0.2549,0.0187,0.1448,0.0076,0.0009
1.863,0.8994,0.3997,0.2604,0.0190,0.1479,0.0078,0.0010
1.873,0.9178,0.4077,0.2658,0.0194,0.1509,0.0079,0.0011
1.883,0.9357,0.4155,0.2711,0.0197,0.1538,0.0081,0.0012
1.893,0.9533,0.4232,0.2763,0.0200,0.1567,0.0083,0.0014
1.903,0.9706,0.4306,0.2814,0.0203,0.1596,0.0085,0.0015
1.913,0.9875,0.4380,0.2864,0.0206,0.1624,0.0086,0.0016
1.923,1.0043,0.4452,0.2913,0.0209,0.1652,0.0088,0.0018
1.933,1.0208,0.4523,0.2962,0.0211,0.1679,0.0090,0.0020
1.943,1.0374,0.4593,0.3011,0.0214,0.1707,0.0092,0.0022
1.953,1.0539,0.4663,0.3060,0.0217,0.1735,0.0094,0.0024
1.963,1.0707,0.4734,0.3109,0.0219,0.1763,0.0096,0.0027
1.973,1.0877,0.4806,0.3159,0.0221,0.1792,0.0099,0.0030
1.983,1.1051,0.4878,0.3211,0.0224,0.1821,0.0101,0.0033
1.993,1.1231,0.4953,0.3264,0.0226,0.1852,0.0104,0.0036
2.003,1.1418,0.5030,0.3319,0.0229,0.1885,0.0107,0.0040
2.013,1.1614,0.5111,0.3377,0.0231,0.1919,0.0110,0.0044
2.023,1.1820,0.5195,0.3438,0.0234,0.1955,0.0114,0.0048
2.033,1.2039,0.5284,0.3502,0.0237,0.1993,0.0118,0.0053
2.043,1.2271,0.5379,0.3570,0.0239,0.2034,0.0122,0.0058
2.053,1.2519,0.5479,0.3643,0.0242,0.2078,0.0127,0.0063
2.063,1.2785,0.5586,0.3722,0.0245,0.2126,0.0133,0.0069
2.073,1.3071,0.5700,0.3806,0.0249,0.2177,0.0139,0.0076
2.083,1.3378,0.5823,0.3896,0.0252,0.2232,0.0146,0.0083
2.093,1.3709,0.5955,0.3993,0.0256,0.2292,0.0153,0.0090
2.103,1.4066,0.6097,0.4098,0.0260,0.2356,0.0161,0.0099
2.113,1.4450,0.6249,0.4211,0.0264,0.2426,0.0170,0.0108
2.123,1.4862,0.6412,0.4332,0.0269,0.2502,0.0179,0.0118
2.133,1.5306,0.6586,0.4462,0.0274,0.2583,0.0190,0.0129
2.143,1.5782,0.6773,0.4601,0.0280,0.2670,0.0202,0.0141
2.153,1.6292,0.6973,0.4750,0.0285,0.2764,0.0214,0.0154
2.163,1.6837,0.7186,0.4909,0.0291,0.2864,0.0227,0.0168
2.173,1.7419,0.7412,0.5079,0.0298,0.2971,0.0242,0.0184
2.183,1.8038,0.7653,0.5259,0.0305,0.3086,0.0258,0.0202
2.193,1.8696,0.7907,0.5450,0.0312,0.3207,0.0274,0.0222
2.203,1.9393,0.8176,0.5653,0.0320,0.3337,0.0292,0.0244
2.213,2.0130,0.8459,0.5866,0.0328,0.3473,0.0311,0.0268
2.223,2.0907,0.8756,0.6090,0.0337,0.3618,0.0331,0.0296
2.233,2.1726,0.9067,0.6325,0.0345,0.3770,0.0352,0.0327
2.243,2.2584,0.9392,0.6571,0.0355,0.3930,0.0374,0.0362
2.253,2.3483,0.9731,0.6827,0.0365,0.4098,0.0398,0.0401
2.263,2.4422,1.0083,0.7094,0.0375,0.4273,0.0422,0.0446
2.273,2.5401,1.0448,0.7370,0.0385,0.4456,0.0447,0.0496
2.283,2.6418,1.0824,0.7655,0.0396,0.4646,0.0474,0.0552
2.293,2.7474,1.1212,0.7949,0.0407,0.4844,0.0501,0.0616
2.303,2.8566,1.1610,0.8250,0.0419,0.5049,0.0529,0.0687
2.313,2.9695,1.2018,0.8559,0.0430,0.5261,0.0558,0.0768
2.323,3.0858,1.2434,0.8873,0.0443,0.5479,0.0587,0.0859
2.333,3.2055,1.2858,0.9193,0.0455,0.5704,0.0617,0.0962
2.343,3.3284,1.3289,0.9517,0.0467,0.5935,0.0647,0.1077
2.353,3.4544,1.3724,0.9845,0.0480,0.6173,0.0678,0.1206
2.363,3.5834,1.4164,1.0174,0.0493,0.6416,0.0710,0.1351
2.373,3.7152,1.4607,1.0504,0.0506,0.6665,0.0741,0.1512
2.383,3.8496,1.5051,1.0834,0.0519,0.6919,0.0773,0.1692
2.393,3.9866,1.5496,1.1163,0.0532,0.7178,0.0804,0.1893
2.403,4.1260,1.5940,1.1488,0.0546,0.7442,0.0836,0.2115
2.413,4.2676,1.6381,1.1810,0.0559,0.7711,0.0867,0.2361
2.423,4.4114,1.6819,1.2127,0.0573,0.7985,0.0898,0.2633
2.433,4.5572,1.7252,1.2437,0.0586,0.8263,0.0928,0.2932
2.443,4.7049,1.7679,1.2739,0.0600,0.8545,0.0959,0.3260
2.453,4.8544,1.8098,1.3032,0.0613,0.8831,0.0988,0.3619
2.463,5.0055,1.8508,1.3315,0.0627,0.9121,0.1017,0.4010
2.473,5.1583,1.8909,1.3587,0.0641,0.9415,0.1045,0.4436
2.483,5.3126,1.9299,1.3846,0.0654,0.9712,0.1073,0.4898
2.493,5.4684,1.9677,1.4093,0.0668,1.0013,0.1100,0.5398
2.503,5.6256,2.0043,1.4324,0.0681,1.0318,0.1125,0.5938
2.513,5.7841,2.0394,1.4541,0.0694,1.0626,0.1150,0.6518
2.523,5.9440,2.0731,1.4742,0.0708,1.0937,0.1174,0.7140
2.533,6.1051,2.1053,1.4927,0.0721,1.1252,0.1197,0.7805
2.543,6.2674,2.1359,1.5094,0.0734,1.1570,0.1219,0.8515
2.553,6.4311,2.1648,1.5243,0.0748,1.1891,0.1240,0.9270
2.563,6.5959,2.1921,1.5375,0.0761,1.2215,0.1260,1.0071
2.573,6.7620,2.2177,1.5489,0.0774,1.2543,0.1278,1.0918
2.583,6.9293,2.2415,1.5584,0.0788,1.2873,0.1296,1.1812
2.593,7.0977,2.2636,1.5661,0.0801,1.3207,0.1313,1.2753
2.603,7.2672,2.2839,1.5720,0.0815,1.3543,0.1329,1.3740
2.613,7.4380,2.3025,1.5761,0.0828,1.3882,0.1344,1.4773
2.623,7.6101,2.3194,1.5785,0.0842,1.4224,0.1358,1.5853
2.633,7.7835,2.3347,1.5791,0.0856,1.4569,0.1371,1.6978
2.643,7.9584,2.3484,1.5781,0.0871,1.4917,0.1383,1.8148
2.653,8.1350,2.3605,1.5756,0.0885,1.5269,0.1395,1.9363
2.663,8.3135,2.3713,1.5716,0.0900,1.5624,0.1406,2.0623
2.673,8.4940,2.3807,1.5662,0.0916,1.5983,0.1416,2.1926
2.683,8.6767,2.3890,1.5596,0.0932,1.6346,0.1426,2.3271
2.693,8.8622,2.3962,1.5519,0.0949,1.6714,0.1436,2.4659
2.703,9.0507,2.4026,1.5433,0.0966,1.7087,0.1445,2.6088
2.713,9.2423,2.4081,1.5337,0.0985,1.7467,0.1455,2.7558
2.723,9.4377,2.4132,1.5235,0.1004,1.7852,0.1464,2.9069
2.733,9.6372,2.4178,1.5128,0.1024,1.8246,0.1473,3.0620
2.743,9.8414,2.4223,1.5017,0.1045,1.8647,0.1482,3.2210
2.753,10.0508,2.4268,1.4904,0.1068,1.9058,0.1492,3.3841
2.763,10.2660,2.4317,1.4791,0.1092,1.9479,0.1501,3.5511
2.773,10.4876,2.4370,1.4680,0.1117,1.9912,0.1512,3.7221
2.783,10.7160,2.4430,1.4572,0.1145,2.0358,0.1522,3.8970
2.793,10.9518,2.4499,1.4469,0.1173,2.0817,0.1534,4.0759
2.803,11.1957,2.4580,1.4372,0.1204,2.1290,0.1545,4.2587
2.813,11.4479,2.4674,1.4284,0.1237,2.1780,0.1558,4.4454
2.823,11.7093,2.4783,1.4207,0.1272,2.2286,0.1571,4.6360
2.833,11.9801,2.4910,1.4140,0.1309,2.2810,0.1585,4.8306
2.843,12.2609,2.5057,1.4086,0.1348,2.3352,0.1600,5.0290
2.853,12.5520,2.5224,1.4047,0.1389,2.3914,0.1615,5.2312
2.863,12.8536,2.5414,1.4022,0.1433,2.4496,0.1631,5.4371
2.873,13.1659,2.5628,1.4014,0.1480,2.5098,0.1647,5.6467
2.883,13.4890,2.5866,1.4023,0.1529,2.5720,0.1664,5.8598
2.893,13.8229,2.6130,1.4050,0.1580,2.6363,0.1682,6.0761
2.903,14.1673,2.6419,1.4095,0.1634,2.7026,0.1700,6.2955
2.913,14.5222,2.6735,1.4159,0.1691,2.7708,0.1718,6.5178
2.923,14.8870,2.7078,1.4242,0.1750,2.8409,0.1736,6.7426
2.933,15.2614,2.7447,1.4345,0.1811,2.9128,0.1755,6.9695
2.943,15.6447,2.7842,1.4468,0.1875,2.9864,0.1773,7.1983
2.953,16.0363,2.8263,1.4609,0.1941,3.0614,0.1791,7.4283
2.963,16.4352,2.8708,1.4771,0.2009,3.1378,0.1809,7.6591
2.973,16.8405,2.9176,1.4952,0.2078,3.2154,0.1826,7.8902
2.983,17.2512,2.9667,1.5152,0.2150,3.2938,0.1843,8.1208
2.993,17.6661,3.0179,1.5370,0.2223,3.3730,0.1859,8.3504
3.003,18.0839,3.0711,1.5607,0.2297,3.4526,0.1874,8.5781
3.013,18.5031,3.1259,1.5862,0.2372,3.5323,0.1889,8.8033
3.023,18.9224,3.1824,1.6134,0.2448,3.6118,0.1903,9.0250
3.033,19.3402,3.2401,1.6423,0.2525,3.6910,0.1916,9.2423
3.043,19.7549,3.2990,1.6729,0.2602,3.7693,0.1929,9.4545
3.053,20.1647,3.3587,1.7050,0.2678,3.8466,0.1941,9.6604
3.063,20.5680,3.4191,1.7386,0.2755,3.9225,0.1952,9.8593
3.073,20.9630,3.4799,1.7736,0.2830,3.9966,0.1962,10.0499
3.083,21.3480,3.5407,1.8099,0.2905,4.0687,0.1972,10.2314
3.093,21.7210,3.6014,1.8475,0.2978,4.1385,0.1982,10.4027
3.103,22.0804,3.6616,1.8863,0.3050,4.2055,0.1992,10.5628
3.113,22.4244,3.7210,1.9260,0.3120,4.2696,0.2002,10.7109
3.123,22.7512,3.7794,1.9667,0.3188,4.3305,0.2011,10.8458
3.133,23.0592,3.8364,2.0082,0.3253,4.3878,0.2022,10.9667
3.143,23.3468,3.8917,2.0503,0.3316,4.4415,0.2032,11.0729
3.153,23.6124,3.9451,2.0930,0.3375,4.4911,0.2044,11.1634
3.163,23.8547,3.9963,2.1360,0.3432,4.5367,0.2057,11.2377
3.173,24.0723,4.0449,2.1792,0.3485,4.5779,0.2070,11.2950
3.183,24.2643,4.0907,2.2224,0.3535,4.6148,0.2086,11.3350
3.193,24.4295,4.1334,2.2655,0.3582,4.6472,0.2102,11.3572
3.203,24.5673,4.1728,2.3083,0.3624,4.6751,0.2121,11.3613
3.213,24.6771,4.2086,2.3506,0.3664,4.6985,0.2142,11.3471
3.223,24.7584,4.2407,2.3921,0.3700,4.7174,0.2165,11.3147
3.233,24.8111,4.2688,2.4329,0.3732,4.7320,0.2191,11.2641
3.243,24.8351,4.2927,2.4726,0.3761,4.7423,0.2219,11.1955
3.253,24.8308,4.3125,2.5111,0.3786,4.7485,0.2250,11.1093
3.263,24.7987,4.3279,2.5483,0.3809,4.7509,0.2284,11.0060
3.273,24.7395,4.3390,2.5841,0.3828,4.7497,0.2321,10.8861
3.283,24.6539,4.3455,2.6183,0.3845,4.7451,0.2362,10.7503
3.293,24.5433,4.3477,2.6508,0.3860,4.7374,0.2406,10.5995
3.303,24.4088,4.3455,2.6816,0.3873,4.7271,0.2454,10.4345
3.313,24.2521,4.3391,2.7107,0.3884,4.7145,0.2505,10.2563
3.323,24.0748,4.3286,2.7380,0.3893,4.7001,0.2561,10.0660
3.333,23.8788,4.3140,2.7634,0.3902,4.6841,0.2620,9.8647
3.343,23.6660,4.2958,2.7872,0.3910,4.6671,0.2683,9.6535
3.353,23.4386,4.2740,2.8093,0.3918,4.6496,0.2749,9.4336
3.363,23.1986,4.2490,2.8297,0.3926,4.6319,0.2820,9.2063
3.373,22.9484,4.2211,2.8487,0.3935,4.6145,0.2895,8.9728
3.383,22.6901,4.1906,2.8663,0.3945,4.5978,0.2973,8.7342
3.393,22.4260,4.1578,2.8826,0.3957,4.5823,0.3055,8.4918
3.403,22.1585,4.1232,2.8979,0.3971,4.5685,0.3141,8.2467
3.413,21.8897,4.0871,2.9123,0.3987,4.5567,0.3230,8.0000
3.423,21.6218,4.0499,2.9261,0.4005,4.5472,0.3322,7.7529
3.433,21.3568,4.0120,2.9392,0.4027,4.5406,0.3417,7.5063
3.443,21.0969,3.9738,2.9521,0.4052,4.5370,0.3514,7.2612
3.453,20.8440,3.9359,2.9650,0.4081,4.5369,0.3613,7.0185
3.463,20.5999,3.8985,2.9779,0.4114,4.5405,0.3715,6.7790
3.473,20.3662,3.8620,2.9911,0.4151,4.5480,0.3818,6.5434
3.483,20.1444,3.8269,3.0049,0.4193,4.5598,0.3921,6.3124
3.493,19.9359,3.7936,3.0193,0.4239,4.5759,0.4026,6.0866
3.503,19.7419,3.7622,3.0347,0.4291,4.5965,0.4130,5.8664
3.513,19.5634,3.7333,3.0510,0.4347,4.6218,0.4234,5.6524
3.523,19.4013,3.7070,3.0685,0.4409,4.6518,0.4337,5.4447
3.533,19.2564,3.6837,3.0873,0.4477,4.6866,0.4438,5.2438
3.543,19.1291,3.6636,3.1076,0.4550,4.7262,0.4538,5.0499
3.553,19.0200,3.6469,3.1293,0.4628,4.7706,0.4635,4.8630
3.563,18.9291,3.6337,3.1525,0.4712,4.8198,0.4729,4.6833
3.573,18.8566,3.6242,3.1773,0.4802,4.8736,0.4819,4.5109
3.583,18.8025,3.6184,3.2037,0.4897,4.9321,0.4906,4.3458
3.593,18.7664,3.6165,3.2317,0.4997,4.9949,0.4989,4.1878
3.603,18.7480,3.6184,3.2612,0.5103,5.0621,0.5067,4.0370
3.613,18.7470,3.6241,3.2921,0.5215,5.1333,0.5140,3.8933
3.623,18.7625,3.6335,3.3244,0.5331,5.2085,0.5208,3.7564
3.633,18.7940,3.6466,3.3579,0.5452,5.2873,0.5271,3.6264
3.643,18.8406,3.6630,3.3925,0.5578,5.3694,0.5327,3.5030
3.653,18.9013,3.6828,3.4280,0.5708,5.4547,0.5379,3.3860
3.663,18.9752,3.7057,3.4642,0.5842,5.5427,0.5424,3.2753
3.673,19.0611,3.7313,3.5009,0.5980,5.6332,0.5464,3.1707
3.683,19.1579,3.7595,3.5379,0.6121,5.7258,0.5498,3.0720
3.693,19.2643,3.7899,3.5749,0.6265,5.8203,0.5526,2.9790
3.703,19.3792,3.8223,3.6117,0.6411,5.9161,0.5548,2.8916
3.713,19.5012,3.8562,3.6481,0.6559,6.0130,0.5566,2.8094
3.723,19.6291,3.8913,3.6837,0.6708,6.1105,0.5578,2.7324
3.733,19.7616,3.9274,3.7183,0.6858,6.2085,0.5586,2.6603
3.743,19.8974,3.9639,3.7516,0.7009,6.3063,0.5589,2.5930
3.753,20.0352,4.0006,3.7835,0.7159,6.4038,0.5589,2.5303
3.763,20.1739,4.0371,3.8135,0.7309,6.5006,0.5584,2.4721
3.773,20.3122,4.0731,3.8416,0.7457,6.5963,0.5577,2.4180
3.783,20.4491,4.1082,3.8675,0.7603,6.6906,0.5568,2.3681
3.793,20.5836,4.1421,3.8909,0.7747,6.7832,0.5556,2.3221
3.803,20.7147,4.1745,3.9118,0.7888,6.8739,0.5543,2.2799
3.813,20.8415,4.2052,3.9300,0.8026,6.9625,0.5529,2.2413
3.823,20.9633,4.2339,3.9452,0.8160,7.0485,0.5515,2.2062
3.833,21.0791,4.2604,3.9576,0.8289,7.1320,0.5501,2.1743
3.843,21.1886,4.2844,3.9668,0.8414,7.2127,0.5487,2.1456
3.853,21.2910,4.3059,3.9730,0.8534,7.2904,0.5475,2.1198
3.863,21.3860,4.3246,3.9760,0.8648,7.3650,0.5465,2.0969
3.873,21.4733,4.3405,3.9758,0.8756,7.4365,0.5457,2.0766
3.883,21.5524,4.3535,3.9725,0.8859,7.5047,0.5452,2.0587
3.893,21.6236,4.3636,3.9662,0.8955,7.5698,0.5450,2.0433
3.903,21.6865,4.3708,3.9568,0.9045,7.6316,0.5452,2.0300
3.913,21.7413,4.3749,3.9444,0.9128,7.6903,0.5458,2.0188
3.923,21.7885,4.3763,3.9293,0.9205,7.7460,0.5468,2.0096
3.933,21.8280,4.3749,3.9114,0.9276,7.7986,0.5482,2.0022
3.943,21.8600,4.3707,3.8909,0.9340,7.8485,0.5501,1.9965
3.953,21.8850,4.3640,3.8680,0.9398,7.8956,0.5524,1.9924
3.963,21.9033,4.3547,3.8427,0.9450,7.9403,0.5553,1.9897
3.973,21.9154,4.3431,3.8153,0.9496,7.9826,0.5586,1.9884
3.983,21.9222,4.3294,3.7859,0.9536,8.0230,0.5625,1.9883
3.993,21.9240,4.3137,3.7548,0.9570,8.0616,0.5668,1.9894
4.003,21.9215,4.2963,3.7219,0.9599,8.0987,0.5715,1.9915
4.013,21.9155,4.2773,3.6876,0.9624,8.1347,0.5768,1.9948
4.023,21.9067,4.2570,3.6520,0.9644,8.1699,0.5824,1.9989
4.033,21.8957,4.2356,3.6152,0.9659,8.2046,0.5885,2.0039
4.043,21.8833,4.2132,3.5775,0.9671,8.2392,0.5950,2.0096
4.053,21.8704,4.1902,3.5390,0.9680,8.2741,0.6018,2.0161
4.063,21.8576,4.1667,3.4998,0.9686,8.3096,0.6089,2.0233
4.073,21.8456,4.1430,3.4601,0.9689,8.3460,0.6163,2.0310
4.083,21.8353,4.1193,3.4201,0.9691,8.3838,0.6240,2.0393
4.093,21.8273,4.0959,3.3798,0.9691,8.4233,0.6318,2.0481
4.103,21.8223,4.0728,3.3394,0.9690,8.4648,0.6399,2.0573
4.113,21.8211,4.0504,3.2991,0.9688,8.5088,0.6480,2.0670
4.123,21.8242,4.0287,3.2589,0.9686,8.5555,0.6563,2.0770
4.133,21.8320,4.0080,3.2189,0.9685,8.6051,0.6646,2.0873
4.143,21.8451,3.9885,3.1792,0.9685,8.6580,0.6729,2.0979
4.153,21.8640,3.9701,3.1399,0.9685,8.7144,0.6812,2.1087
4.163,21.8890,3.9532,3.1010,0.9688,8.7745,0.6894,2.1197
4.173,21.9204,3.9377,3.0626,0.9692,8.8385,0.6975,2.1309
4.183,21.9585,3.9238,3.0248,0.9699,8.9064,0.7054,2.1423
4.193,22.0035,3.9116,2.9876,0.9709,8.9785,0.7132,2.1538
4.203,22.0556,3.9010,2.9509,0.9722,9.0547,0.7208,2.1655
4.213,22.1147,3.8922,2.9149,0.9738,9.1351,0.7281,2.1773
4.223,22.1811,3.8851,2.8796,0.9758,9.2196,0.7352,2.1892
4.233,22.2545,3.8798,2.8449,0.9782,9.3082,0.7420,2.2013
4.243,22.3351,3.8763,2.8109,0.9810,9.4007,0.7485,2.2137
4.253,22.4226,3.8745,2.7776,0.9842,9.4972,0.7547,2.2263
4.263,22.5172,3.8745,2.7449,0.9880,9.5974,0.7606,2.2392
4.273,22.6184,3.8762,2.7130,0.9921,9.7011,0.7662,2.2524
4.283,22.7261,3.8794,2.6817,0.9968,9.8082,0.7714,2.2660
4.293,22.8399,3.8843,2.6510,1.0019,9.9183,0.7762,2.2802
4.303,22.9597,3.8906,2.6211,1.0075,10.0311,0.7807,2.2949
4.313,23.0852,3.8984,2.5918,1.0136,10.1465,0.7849,2.3102
4.323,23.2160,3.9075,2.5632,1.0201,10.2641,0.7887,2.3262
4.333,23.3517,3.9179,2.5353,1.0271,10.3836,0.7922,2.3430
4.343,23.4919,3.9294,2.5080,1.0344,10.5045,0.7953,2.3607
4.353,23.6362,3.9420,2.4814,1.0422,10.6267,0.7981,2.3792
4.363,23.7842,3.9556,2.4554,1.0503,10.7496,0.8006,2.3988
4.373,23.9354,3.9700,2.4301,1.0588,10.8730,0.8027,2.4193
4.383,24.0894,3.9851,2.4054,1.0675,10.9966,0.8045,2.4409
4.393,24.2457,4.0010,2.3814,1.0765,11.1200,0.8060,2.4635
4.403,24.4036,4.0173,2.3579,1.0857,11.2428,0.8071,2.4871
4.413,24.5626,4.0341,2.3351,1.0951,11.3647,0.8080,2.5118
4.423,24.7221,4.0511,2.3128,1.1045,11.4854,0.8085,2.5374
4.433,24.8815,4.0684,2.2911,1.1140,11.6045,0.8086,2.5640
4.443,25.0403,4.0857,2.2700,1.1235,11.7218,0.8085,2.5913
4.453,25.1982,4.1030,2.2493,1.1330,11.8372,0.8080,2.6194
4.463,25.3544,4.1202,2.2291,1.1424,11.9504,0.8072,2.6481
4.473,25.5086,4.1373,2.2094,1.1517,12.0613,0.8060,2.6773
4.483,25.6603,4.1540,2.1901,1.1608,12.1697,0.8045,2.7068
4.493,25.8092,4.1705,2.1711,1.1698,12.2756,0.8027,2.7365
4.503,25.9550,4.1866,2.1526,1.1786,12.3790,0.8006,2.7662
4.513,26.0974,4.2023,2.1343,1.1871,12.4799,0.7980,2.7957
4.523,26.2363,4.2175,2.1163,1.1954,12.5784,0.7952,2.8249
4.533,26.3717,4.2323,2.0987,1.2036,12.6747,0.7920,2.8535
4.543,26.5033,4.2466,2.0813,1.2114,12.7687,0.7885,2.8815
4.553,26.6314,4.2605,2.0641,1.2191,12.8608,0.7847,2.9087
4.563,26.7561,4.2740,2.0472,1.2266,12.9512,0.7806,2.9348
4.573,26.8778,4.2872,2.0305,1.2339,13.0402,0.7762,2.9598
4.583,26.9967,4.3000,2.0141,1.2411,13.1281,0.7715,2.9835
4.593,27.1132,4.3127,1.9979,1.2482,13.2153,0.7666,3.0059
4.603,27.2278,4.3252,1.9820,1.2553,13.3019,0.7614,3.0268
4.613,27.3407,4.3376,1.9664,1.2623,13.3884,0.7561,3.0462
4.623,27.4526,4.3500,1.9512,1.2693,13.4749,0.7505,3.0640
4.633,27.5638,4.3624,1.9362,1.2764,13.5619,0.7449,3.0802
4.643,27.6748,4.3751,1.9217,1.2836,13.6495,0.7391,3.0947
4.653,27.7861,4.3879,1.9076,1.2909,13.7379,0.7332,3.1076
4.663,27.8978,4.4011,1.8939,1.2984,13.8274,0.7273,3.1188
4.673,28.0104,4.4145,1.8806,1.3061,13.9179,0.7213,3.1285
4.683,28.1241,4.4283,1.8679,1.3139,14.0096,0.7154,3.1365
4.693,28.2388,4.4425,1.8557,1.3220,14.1023,0.7095,3.1431
4.703,28.3549,4.4570,1.8441,1.3303,14.1962,0.7037,3.1481
4.713,28.4721,4.4719,1.8330,1.3388,14.2909,0.6980,3.1518
4.723,28.5903,4.4871,1.8225,1.3475,14.3863,0.6924,3.1542
4.733,28.7095,4.5027,1.8126,1.3564,14.4823,0.6870,3.1553
4.743,28.8292,4.5185,1.8033,1.3654,14.5785,0.6817,3.1553
4.753,28.9489,4.5344,1.7946,1.3745,14.6744,0.6767,3.1542
4.763,29.0682,4.5504,1.7864,1.3837,14.7697,0.6718,3.1522
4.773,29.1865,4.5663,1.7789,1.3929,14.8641,0.6672,3.1492
4.783,29.3035,4.5822,1.7719,1.4022,14.9570,0.6628,3.1454
4.793,29.4184,4.5978,1.7654,1.4113,15.0481,0.6587,3.1409
4.803,29.5306,4.6132,1.7595,1.4204,15.1370,0.6548,3.1357
4.813,29.6397,4.6281,1.7541,1.4293,15.2231,0.6511,3.1300
4.823,29.7450,4.6425,1.7491,1.4379,15.3062,0.6477,3.1238
4.833,29.8459,4.6564,1.7445,1.4463,15.3858,0.6445,3.1172
4.843,29.9421,4.6696,1.7404,1.4544,15.4617,0.6416,3.1104
4.853,30.0332,4.6820,1.7366,1.4621,15.5334,0.6390,3.1034
4.863,30.1187,4.6937,1.7333,1.4695,15.6009,0.6365,3.0963
4.873,30.1984,4.7045,1.7302,1.4764,15.6638,0.6343,3.0892
4.883,30.2720,4.7145,1.7275,1.4828,15.7220,0.6323,3.0822
4.893,30.3394,4.7236,1.7250,1.4888,15.7754,0.6305,3.0753
4.903,30.4005,4.7318,1.7228,1.4943,15.8239,0.6289,3.0687
4.913,30.4551,4.7391,1.7209,1.4992,15.8674,0.6275,3.0625
4.923,30.5035,4.7456,1.7192,1.5036,15.9060,0.6262,3.0568
4.933,30.5455,4.7511,1.7178,1.5075,15.9397,0.6252,3.0515
4.943,30.5812,4.7559,1.7165,1.5108,15.9684,0.6243,3.0469
4.953,30.6109,4.7598,1.7155,1.5136,15.9922,0.6236,3.0429
4.963,30.6344,4.7628,1.7147,1.5158,16.0112,0.6230,3.0396
4.973,30.6520,4.7651,1.7141,1.5175,16.0254,0.6226,3.0371
4.983,30.6637,4.7667,1.7137,1.5186,16.0349,0.6223,3.0355
4.993,30.6695,4.7674,1.7135,1.5192,16.0396,0.6222,3.0346
