"# SDCP doped-state (doublet) Loewdin spin partition vs oligomer length n. ORCA r2SCAN-3c Opt, all n."
# backbone = ring atoms only (July definition; ring H and ether O excluded). n=1-3 transcribed from kb/results/sdcp_master_summary_2026_07_16.md s3; n=6 measured 2026-09-08 (gabia sdcp_n6b).
# ether_O_pct/other_pct resolved for n=6 only; remainder_pct = 100 - SO3 - backbone (n=1-3: not split into ether O and H). n=6 ring_split values are preliminary (terminal rings include one alpha-H each).
# NOT evidence of self-doping (oxidized state is given). Single fresh SCF - no global-minimum guarantee. Do not mix with SP values.
n,site,SO3_pct,backbone_pct,ether_O_pct,other_pct,remainder_pct,backbone_strict_pct,backbone_extended_pct,ring_split
1,-,65.0,35.0,,,0.0,,,O 론페어 우세
2,A-ring,62.3,32.6,,,5.1,,,A 17.4 / B 15.2
3,end(A),54.6,39.8,,,5.6,,,B 15.3 > A 13.9 > C 10.6
3,mid(B),42.3,50.1,,,7.6,,,A 14.0 / B 21.3 / C 14.9
6,(pilot 봉인 자리 — groups.json source_manifest 참조),7.7,79.7,12.1,0.5,,79.5,91.6,"ring0 3.8 / ring1 7.3 / ring2 9.4 / ring3 15.9 / ring4 23.3 / ring5 19.8 — 합 79.5 (= backbone_strict). ⚠ 말단 고리 ring0·ring5 에 α-H 1개씩 섞임(옛 groups.json 에 symbols 없음, 6원자로 집계). 7월 정의(고리 원자만) per-ring 은 symbols 폴백(2026-09-08) 반영 후 --analyze 재실행으로 채운다 (재계산 없음, 파싱만)"
